{"transactions":[{"involvesWatchonly":true,"account":"","address":"mutrAf4usv3HKNdpLwVD4ow2oLArL6Rez8","category":"receive","amount":2.96774,"label":"","confirmations":85,"blockhash":"e229b17680d878b35519a01e4ae972a79fe47da8474667097162042e5ba8ddb1","blockindex":57,"blocktime":1627607548873,"txid":"2c1212495b23f32f93fb9ac02eb9c683fc14533ca12146ac512e2967e5ee1b74","vout":63,"walletconflicts":[],"time":1627607521059,"timereceived":1627607521059,"bip125-replaceable":"no"},{"involvesWatchonly":true,"account":"","address":"2N1SP7r92ZZJvYKG2oNtzPwYnzw62up7mTo","category":"receive","amount":9.84,"label":"","confirmations":98,"blockhash":"3afa6e09c8d9f287448a91b3fcb71a671ecb25ee4a6a7ccdffdd9cf7106e185b","blockindex":98,"blocktime":1627599748873,"txid":"0b525fa570718ba84def4cea1ab464a4dedf24ba7616e057a502a76f4a232258","vout":23,"walletconflicts":[],"time":1627599707549,"timereceived":1627599707549,"bip125-replaceable":"no"},{"involvesWatchonly":true,"account":"","address":"mmFFG4jqAtw9MoCC88hw5FNfreQWuEHADp","category":"receive","amount":2,"label":"","confirmations":72,"blockhash":"bab9beab4f800ffb4c46339e32b9d3bc7399b52447e9d4fc27e78cbeb1d588b6","blockindex":43,"blocktime":1627615348873,"txid":"f647df8d98126b71832a2d3735e39c4402f23188784a8c220e8da78565a7a2d0","vout":98,"walletconflicts":[],"time":1627615304992,"timereceived":1627615304992,"bip125-replaceable":"no"},{"involvesWatchonly":true,"account":"","address":"mzzg8fvHXydKs8j9D2a8t7KpSXpGgAnk4n","category":"receive","amount":0.3,"label":"","confirmations":53,"blockhash":"9cc54eac2123d6b11f5036630e73373f1ac69a8b3ef6b15761676467e9a04313","blockindex":86,"blocktime":1627626748873,"txid":"d495a9e83469d0defaffb49aec2e051f5a4baab682ee11e8834230e7f17c98bd","vout":68,"walletconflicts":[],"time":1627626710014,"timereceived":1627626710014,"bip125-replaceable":"no"},{"involvesWatchonly":true,"account":"","address":"mvd6qFeVkqH6MNAS2Y2cLifbdaX5XUkbZJ","category":"receive","amount":4,"label":"","confirmations":90,"blockhash":"aab2a4462b040b7ad8c255ba3d96af88b9150eb16e792650d5b8530b0b91bf9b","blockindex":57,"blocktime":1627604548873,"txid":"7aaf8948fae09e1e39d211a6ba6d440ba602445a99f91985e268ec54d2ab43e7","vout":63,"walletconflicts":[],"time":1627604521845,"timereceived":1627604521845,"bip125-replaceable":"no"},{"involvesWatchonly":true,"account":"","address":"mvd6qFeVkqH6MNAS2Y2cLifbdaX5XUkbZJ","category":"receive","amount":6,"label":"","confirmations":94,"blockhash":"f16aadfc84122cd1eda474618be0d14481876eefea154858faf25550a1dd2939","blockindex":67,"blocktime":1627602148873,"txid":"e6c0e117ec548aaa4757a3b84e8c3171f6515ba863b9b7629a99cd5ee71f599d","vout":9,"walletconflicts":[],"time":1627602128486,"timereceived":1627602128486,"bip125-replaceable":"no"},{"involvesWatchonly":true,"account":"","address":"mutrAf4usv3HKNdpLwVD4ow2oLArL6Rez8","category":"receive","amount":6.19686,"label":"","confirmations":71,"blockhash":"691c9f4e813d670a12e280ec5a351dcc881efd07aee56fdd9cd962cfcac0f016","blockindex":44,"blocktime":1627615948873,"txid":"2a957cd6b02c9085a1e4340a80a1875f63a12863f8c5d576d2c78ad7ef07f0a7","vout":31,"walletconflicts":[],"time":1627615923688,"timereceived":1627615923688,"bip125-replaceable":"no"},{"involvesWatchonly":true,"account":"","address":"mutrAf4usv3HKNdpLwVD4ow2oLArL6Rez8","category":"receive","amount":0.74994,"label":"","confirmations":90,"blockhash":"aab2a4462b040b7ad8c255ba3d96af88b9150eb16e792650d5b8530b0b91bf9b","blockindex":71,"blocktime":1627604548873,"txid":"bdbf425a6647989a2d458e754e1a4b8ef729cd6100083452d91ca2f571c0345c","vout":81,"walletconflicts":[],"time":1627604511753,"timereceived":1627604511753,"bip125-replaceable":"no"},{"involvesWatchonly":true,"account":"","address":"mvd6qFeVkqH6MNAS2Y2cLifbdaX5XUkbZJ","category":"receive","amount":10,"label":"","confirmations":84,"blockhash":"db41bd3d7e0c4112bb600c2fd42a8777d489eb5d491e9a5c48abeaa61ee5ee02","blockindex":15,"blocktime":1627608148873,"txid":"7c2beb54f8d3c5421e93592595743aa96b145e765688bc2380e92a8996dbc5cd","vout":66,"walletconflicts":[],"time":1627608112927,"timereceived":1627608112927,"bip125-replaceable":"no"},{"involvesWatchonly":true,"account":"","address":"mmFFG4jqAtw9MoCC88hw5FNfreQWuEHADp","category":"receive","amount":2,"label":"","confirmations":98,"blockhash":"3afa6e09c8d9f287448a91b3fcb71a671ecb25ee4a6a7ccdffdd9cf7106e185b","blockindex":5,"blocktime":1627599748873,"txid":"0c0b33eb10557b31695ea8f24c3367373cad71854abb7a7a51d813cefce211f9","vout":93,"walletconflicts":[],"time":1627599738562,"timereceived":1627599738562,"bip125-replaceable":"no"},{"involvesWatchonly":true,"account":"","address":"mvd6qFeVkqH6MNAS2Y2cLifbdaX5XUkbZJ","category":"receive","amount":3,"label":"","confirmations":57,"blockhash":"896d8331d43523c93eb05147f68f4bbd2c37d31f4aa1473c14f60c57901b6e4a","blockindex":35,"blocktime":1627624348873,"txid":"0909ec4e6faaf92be88b941982b3dde85466083167973843becac77ac7e99310","vout":32,"walletconflicts":[],"time":1627624317098,"timereceived":1627624317098,"bip125-replaceable":"no"},{"involvesWatchonly":true,"account":"","address":"n15zuDniYSUHgCr1H67Ue8J3UJMveUQMBG","category":"send","amount":-81.17015341,"label":"","confirmations":81,"blockhash":"e2e3cb15a90c91f39ea6aba82416e3908514ef76ce1412741772a48d45b4614b","blockindex":68,"blocktime":1627609948873,"txid":"7b07d6fe8228a7045f0be359a07c5bd1b783b3f5e58ff40f914e6d7a7b8a25ac","vout":63,"walletconflicts":[],"time":1627609935359,"timereceived":1627609935359,"bip125-replaceable":"no"},{"involvesWatchonly":true,"account":"","address":"mzzg8fvHXydKs8j9D2a8t7KpSXpGgAnk4n","category":"receive","amount":6.77,"label":"","confirmations":54,"blockhash":"9bfcbbf6ed1c45ce40af4064f090ea895117c8d6039292971c2dc5da75d6234d","blockindex":22,"blocktime":1627626148873,"txid":"47febf4b5058b82d3863a41873d6759a466483b8a0a1968c71aa724f56261482","vout":78,"walletconflicts":[],"time":1627626114131,"timereceived":1627626114131,"bip125-replaceable":"no"},{"involvesWatchonly":true,"account":"","address":"2N1SP7r92ZZJvYKG2oNtzPwYnzw62up7mTo","category":"receive","amount":6.64,"label":"","confirmations":87,"blockhash":"2d283b7c4fb9f764df482a46825463b832d84be9b1c511413382c4772494d8ab","blockindex":37,"blocktime":1627606348873,"txid":"635f6686b77ac148c32c637694ae19391bd22c94f19dda6acf83c9edfe5879a7","vout":13,"walletconflicts":[],"time":1627606318595,"timereceived":1627606318595,"bip125-replaceable":"no"},{"involvesWatchonly":true,"account":"","address":"2N1SP7r92ZZJvYKG2oNtzPwYnzw62up7mTo","category":"receive","amount":0.78,"label":"","confirmations":95,"blockhash":"11279a7c7fcb304e9f43404688d9212f1b061edae9c1c7a1db95efee56d456f6","blockindex":52,"blocktime":1627601548873,"txid":"0fcb458b4aa1e0ae1416ebd2da40f48b7124419085ca6233b152427972b9255c","vout":9,"walletconflicts":[],"time":1627601506438,"timereceived":1627601506438,"bip125-replaceable":"no"},{"involvesWatchonly":true,"account":"","address":"mvd6qFeVkqH6MNAS2Y2cLifbdaX5XUkbZJ","category":"receive","amount":8,"label":"","confirmations":78,"blockhash":"38a4f774492f861bd31bba3835814c01ddae8c7bce545b0566d1d9822d78ecbd","blockindex":1,"blocktime":1627611748873,"txid":"12ac560571320cd3856eba8945d0d1548067143039f98bcd0dba5a53a6438b37","vout":60,"walletconflicts":[],"time":1627611718240,"timereceived":1627611718240,"bip125-replaceable":"no"},{"involvesWatchonly":true,"account":"","address":"mtbXg5baKrssJY99nrrDoZWDdqGFmbHq8X","category":"send","amount":-37.03006926,"label":"","confirmations":56,"blockhash":"d6b0518bf8167e8a66f84a2eb0c66e228eb639278cad16d041e7ad8218d3e547","blockindex":91,"blocktime":1627624948873,"txid":"cb6546d96a15164dcb85c463de4f350906cc9d0662fa1925c0695548f1beca59","vout":85,"walletconflicts":[],"time":1627624906727,"timereceived":1627624906727,"bip125-replaceable":"no"},{"involvesWatchonly":true,"account":"","address":"mvcyJMiAcSXKAEsQxbW9TYZ369rsMG6rVV","category":"receive","amount":78.95852758,"label":"","confirmations":75,"blockhash":"ca0df1526c8211b5aab096684203cddb859f2b839fa2aee10d3e6192391d7463","blockindex":49,"blocktime":1627613548873,"txid":"5b1b595a556be923a3ff87f87244556aa7727326e30d6858d53fdb2c3b27cbbe","vout":22,"walletconflicts":[],"time":1627613522356,"timereceived":1627613522356,"bip125-replaceable":"no"},{"involvesWatchonly":true,"account":"","address":"mmFFG4jqAtw9MoCC88hw5FNfreQWuEHADp","category":"receive","amount":7,"label":"","confirmations":81,"blockhash":"e2e3cb15a90c91f39ea6aba82416e3908514ef76ce1412741772a48d45b4614b","blockindex":18,"blocktime":1627609948873,"txid":"b6c4a412076907391f4371436a877cc97abeae8a1eec658bb76d63e707230f9d","vout":87,"walletconflicts":[],"time":1627609927715,"timereceived":1627609927715,"bip125-replaceable":"no"},{"involvesWatchonly":true,"account":"","address":"2N1SP7r92ZZJvYKG2oNtzPwYnzw62up7mTo","category":"receive","amount":1.04,"label":"","confirmations":79,"blockhash":"95b56161f606fb9ad521a89d7b283d1882e68af729ae2bf96064f98a0acbce47","blockindex":8,"blocktime":1627611148873,"txid":"b2e7bd258379284ce909790028d3ccf163f2a51e721a7b9c5ef552d1dae39a57","vout":52,"walletconflicts":[],"time":1627611104774,"timereceived":1627611104774,"bip125-replaceable":"no"},{"involvesWatchonly":true,"account":"","address":"mjVYVxujQ13PZBrdW6wCXJkaYXLhwGX8Wq","category":"send","amount":-19.78888486,"label":"","confirmations":51,"blockhash":"101ed8511d55cada290fed7088e58ef62d9dc870f3a6386a5d118550626ba6f2","blockindex":49,"blocktime":1627627948873,"txid":"031e1ff138fe309b3512dfd70fa88490e8fdae5623a85628f7a57e7f8449b51e","vout":12,"walletconflicts":[],"time":1627627901234,"timereceived":1627627901234,"bip125-replaceable":"no"},{"involvesWatchonly":true,"account":"","address":"mvd6qFeVkqH6MNAS2Y2cLifbdaX5XUkbZJ","category":"receive","amount":8,"label":"","confirmations":84,"blockhash":"db41bd3d7e0c4112bb600c2fd42a8777d489eb5d491e9a5c48abeaa61ee5ee02","blockindex":20,"blocktime":1627608148873,"txid":"6a30c94793ba213336fae89ae0b719c9719206ff014589c26eb8a6c5d2019a88","vout":90,"walletconflicts":[],"time":1627608100181,"timereceived":1627608100181,"bip125-replaceable":"no"},{"involvesWatchonly":true,"account":"","address":"mutrAf4usv3HKNdpLwVD4ow2oLArL6Rez8","category":"receive","amount":6.63991,"label":"","confirmations":59,"blockhash":"6c9bbb1da439fb286e13813ef29d75e21eab7e2f5119a111d1928a84ae81e4be","blockindex":38,"blocktime":1627623148873,"txid":"0623155c93db267aff092d12fde79409f6b41b1ca2e42acbfd71bcabf1e3ea9e","vout":94,"walletconflicts":[],"time":1627623137732,"timereceived":1627623137732,"bip125-replaceable":"no"},{"involvesWatchonly":true,"account":"","address":"mvd6qFeVkqH6MNAS2Y2cLifbdaX5XUkbZJ","category":"receive","amount":1,"label":"","confirmations":83,"blockhash":"e60fefa1cd4271be891218707f4f8c167f51ed0d7fef1fecf9f9e3263795af18","blockindex":15,"blocktime":1627608748873,"txid":"9d0d2302a7b1f14ca1694f57730784b5a25b8d9cf72365e8dbc447fce218aa7b","vout":13,"walletconflicts":[],"time":1627608731108,"timereceived":1627608731108,"bip125-replaceable":"no"},{"involvesWatchonly":true,"account":"","address":"mzzg8fvHXydKs8j9D2a8t7KpSXpGgAnk4n","category":"receive","amount":8.83,"label":"","confirmations":53,"blockhash":"9cc54eac2123d6b11f5036630e73373f1ac69a8b3ef6b15761676467e9a04313","blockindex":48,"blocktime":1627626748873,"txid":"ef1af8e49d4b9d3f5d6aec1a5d85c1ab91fde8cbd0b4d6b1e3a6e286a8fac945","vout":54,"walletconflicts":[],"time":1627626699969,"timereceived":1627626699969,"bip125-replaceable":"no"},{"involvesWatchonly":true,"account":"","address":"mutrAf4usv3HKNdpLwVD4ow2oLArL6Rez8","category":"receive","amount":0.60238,"label":"","confirmations":92,"blockhash":"48ebe50866c6746293ed2bc2d04eb86572158ca5988b7308a6bf494122789e99","blockindex":60,"blocktime":1627603348873,"txid":"04a6b0d601a0222738646455bf160dcb36376e73c09895969e00ad73eae048a2","vout":97,"walletconflicts":[],"time":1627603328260,"timereceived":1627603328260,"bip125-replaceable":"no"},{"involvesWatchonly":true,"account":"","address":"mvd6qFeVkqH6MNAS2Y2cLifbdaX5XUkbZJ","category":"receive","amount":1,"label":"","confirmations":70,"blockhash":"506a6039bbd4b196457b51fe331fb3b6c22b6f7a5b16a49aa2da8be6506f5251","blockindex":79,"blocktime":1627616548873,"txid":"a4cf908162e912030be0be77d09f9551ac715e9b063d3bd10a70d40f930f9d29","vout":11,"walletconflicts":[],"time":1627616531807,"timereceived":1627616531807,"bip125-replaceable":"no"},{"involvesWatchonly":true,"account":"","address":"mutrAf4usv3HKNdpLwVD4ow2oLArL6Rez8","category":"receive","amount":4.72067,"label":"","confirmations":58,"blockhash":"5899901ade381d5b71bf00d9b0161985a09c81a589fca560bc78b37410bfdba9","blockindex":41,"blocktime":1627623748873,"txid":"1179c31482020c6d3283571c85184f32aadeebba05a6cc9fd85b7c5c3031e32e","vout":86,"walletconflicts":[],"time":1627623716684,"timereceived":1627623716684,"bip125-replaceable":"no"},{"involvesWatchonly":true,"account":"","address":"2N1SP7r92ZZJvYKG2oNtzPwYnzw62up7mTo","category":"receive","amount":5.84,"label":"","confirmations":99,"blockhash":"a41fa1bca7e5a9670e6df0b855ab72d40ff475975941ad8fff923011e066c1a3","blockindex":45,"blocktime":1627599148873,"txid":"afa056819e9a8a067265c7f1a8da5054d5fa28758fef5d62418c5e5333a1c57b","vout":75,"walletconflicts":[],"time":1627599107441,"timereceived":1627599107441,"bip125-replaceable":"no"},{"involvesWatchonly":true,"account":"","address":"mvd6qFeVkqH6MNAS2Y2cLifbdaX5XUkbZJ","category":"receive","amount":7,"label":"","confirmations":88,"blockhash":"34e97ad18d4b337341fecbf7ed2e4edaaf4e0e8507af222a684c32482c75e81a","blockindex":69,"blocktime":1627605748873,"txid":"8793be047e0be0bc35b019273c055a7ba6f7b7acc1b3f042f03c6599c31cba8d","vout":16,"walletconflicts":[],"time":1627605706911,"timereceived":1627605706911,"bip125-replaceable":"no"},{"involvesWatchonly":true,"account":"","address":"2N1SP7r92ZZJvYKG2oNtzPwYnzw62up7mTo","category":"receive","amount":0.37,"label":"","confirmations":97,"blockhash":"21e595bbd3d9da0c9b40e825f756caa7f118c54ba8cc3b6cc7165427717b0f7d","blockindex":87,"blocktime":1627600348873,"txid":"acd1b5932f4544ea899adc3d094eda14075e70ca43bce89735931c4f6371087a","vout":9,"walletconflicts":[],"time":1627600337185,"timereceived":1627600337185,"bip125-replaceable":"no"},{"involvesWatchonly":true,"account":"","address":"miTHhiX3iFhVnAEecLjybxvV5g8mKYTtnM","category":"receive","amount":22.84260893,"label":"","confirmations":88,"blockhash":"34e97ad18d4b337341fecbf7ed2e4edaaf4e0e8507af222a684c32482c75e81a","blockindex":78,"blocktime":1627605748873,"txid":"8c0323ed775a82321ec0a3b8938b90488e784097ea8702c379accca64df03281","vout":72,"walletconflicts":[],"time":1627605734933,"timereceived":1627605734933,"bip125-replaceable":"no"},{"involvesWatchonly":true,"account":"","address":"mourMWm56684Bp355PcvFUooCB1bAxiDN3","category":"send","amount":-23.14641344,"label":"","confirmations":74,"blockhash":"39818c17a20843f2aeffa7087b638758f9fa347504a083bc9e441bec4bd2ba74","blockindex":92,"blocktime":1627614148873,"txid":"235262a84ed8d0060f920611c9740d300a64cd18544eb5c088f357c4711692b8","vout":94,"walletconflicts":[],"time":1627614122513,"timereceived":1627614122513,"bip125-replaceable":"no"},{"involvesWatchonly":true,"account":"","address":"2N1SP7r92ZZJvYKG2oNtzPwYnzw62up7mTo","category":"receive","amount":1.77,"label":"","confirmations":95,"blockhash":"11279a7c7fcb304e9f43404688d9212f1b061edae9c1c7a1db95efee56d456f6","blockindex":63,"blocktime":1627601548873,"txid":"333c59d7ac5f2ae27df39e75d6618e126cbdc69e325b7efa86dd03daec4abfad","vout":52,"walletconflicts":[],"time":1627601529669,"timereceived":1627601529669,"bip125-replaceable":"no"},{"involvesWatchonly":true,"account":"","address":"mutrAf4usv3HKNdpLwVD4ow2oLArL6Rez8","category":"receive","amount":9.47113,"label":"","confirmations":73,"blockhash":"2048586fdde7c6b1e28a51dc24cf8c1e9f45387b5c621d4a70f1edb45cbedad8","blockindex":19,"blocktime":1627614748873,"txid":"fb14254e23c048e8258b3a32bcdeffc3d992a850f14b74ee0b1da18ef5fe6ded","vout":50,"walletconflicts":[],"time":1627614727778,"timereceived":1627614727778,"bip125-replaceable":"no"},{"involvesWatchonly":true,"account":"","address":"n4dVE4wQjdUrgHe39z2BhgUpBcZwCBtwWb","category":"send","amount":-20.77358796,"label":"","confirmations":56,"blockhash":"d6b0518bf8167e8a66f84a2eb0c66e228eb639278cad16d041e7ad8218d3e547","blockindex":53,"blocktime":1627624948873,"txid":"b0c6a6b9d676c1020848268de725bcf663971e6d35978224daa567932dd57704","vout":24,"walletconflicts":[],"time":1627624921237,"timereceived":1627624921237,"bip125-replaceable":"no"},{"involvesWatchonly":true,"account":"","address":"mzzg8fvHXydKs8j9D2a8t7KpSXpGgAnk4n","category":"receive","amount":6.41,"label":"","confirmations":54,"blockhash":"9bfcbbf6ed1c45ce40af4064f090ea895117c8d6039292971c2dc5da75d6234d","blockindex":61,"blocktime":1627626148873,"txid":"43018a4a75762588d323341663b4dd805b74bf04424365e47980d5cfc5e3eb38","vout":38,"walletconflicts":[],"time":1627626106770,"timereceived":1627626106770,"bip125-replaceable":"no"},{"involvesWatchonly":true,"account":"","address":"mprRLA288azbaJaA7u3e8YmJT31q9EsjuB","category":"receive","amount":40.67704927,"label":"","confirmations":88,"blockhash":"34e97ad18d4b337341fecbf7ed2e4edaaf4e0e8507af222a684c32482c75e81a","blockindex":6,"blocktime":1627605748873,"txid":"75eca2d5346cf71e89f0f37398534c2a0dc09b42b7c0325d3434f36c198609a5","vout":18,"walletconflicts":[],"time":1627605703387,"timereceived":1627605703387,"bip125-replaceable":"no"},{"involvesWatchonly":true,"account":"","address":"mvd6qFeVkqH6MNAS2Y2cLifbdaX5XUkbZJ","category":"receive","amount":1,"label":"","confirmations":63,"blockhash":"c9281fa294fd389beb1c1e92cac164ef5ccaea555ba5470813b3e2b0a953c51b","blockindex":41,"blocktime":1627620748873,"txid":"1597faae9fb588999ae13afe2b3f2f941427da724fb1f1a28a87e094a4e17178","vout":21,"walletconflicts":[],"time":1627620716679,"timereceived":1627620716679,"bip125-replaceable":"no"},{"involvesWatchonly":true,"account":"","address":"mutrAf4usv3HKNdpLwVD4ow2oLArL6Rez8","category":"receive","amount":3.50392,"label":"","confirmations":73,"blockhash":"2048586fdde7c6b1e28a51dc24cf8c1e9f45387b5c621d4a70f1edb45cbedad8","blockindex":89,"blocktime":1627614748873,"txid":"b813d4348f824748a91613c284a001ebd38cb96302bcb73241c06acbff9efba2","vout":4,"walletconflicts":[],"time":1627614704908,"timereceived":1627614704908,"bip125-replaceable":"no"},{"involvesWatchonly":true,"account":"","address":"2N1SP7r92ZZJvYKG2oNtzPwYnzw62up7mTo","category":"receive","amount":3.23,"label":"","confirmations":80,"blockhash":"2a03f863310fd168f891ff59c4dda1e08b2a2f1cddf206ee293d84b06d910a5f","blockindex":77,"blocktime":1627610548873,"txid":"0dd80b40a405f221f9bde1c7ac445c7add9b85e41cbf527e713108b9580e9c89","vout":23,"walletconflicts":[],"time":1627610523394,"timereceived":1627610523394,"bip125-replaceable":"no"},{"involvesWatchonly":true,"account":"","address":"mvd6qFeVkqH6MNAS2Y2cLifbdaX5XUkbZJ","category":"receive","amount":4,"label":"","confirmations":92,"blockhash":"48ebe50866c6746293ed2bc2d04eb86572158ca5988b7308a6bf494122789e99","blockindex":27,"blocktime":1627603348873,"txid":"2d7375b5d73ad840dbc113ba3dfc72a6f9d2af29b82fcc88c619ba68de970b48","vout":75,"walletconflicts":[],"time":1627603312334,"timereceived":1627603312334,"bip125-replaceable":"no"},{"involvesWatchonly":true,"account":"","address":"mvd6qFeVkqH6MNAS2Y2cLifbdaX5XUkbZJ","category":"receive","amount":1,"label":"","confirmations":66,"blockhash":"91705d94c502cc50cec5211e9afa0423374de0bcdca37e561f6fa0a67accf1ca","blockindex":63,"blocktime":1627618948873,"txid":"83e4065095ae448ddffd2d5f2c2d8cc22986e696ce0eb17357f51ffa467f8718","vout":45,"walletconflicts":[],"time":1627618933787,"timereceived":1627618933787,"bip125-replaceable":"no"},{"involvesWatchonly":true,"account":"","address":"miTHhiX3iFhVnAEecLjybxvV5g8mKYTtnM","category":"receive","amount":68.54207776,"label":"","confirmations":64,"blockhash":"cb4ab520e6740b7fedc55825d837abcd7c4c7e5944d1b67feaea5a3538003223","blockindex":41,"blocktime":1627620148873,"txid":"720a4dc53177a31683bffb893f93f242511fc738edc060617e2c5058417f78d1","vout":71,"walletconflicts":[],"time":1627620099030,"timereceived":1627620099030,"bip125-replaceable":"no"},{"involvesWatchonly":true,"account":"","address":"mvd6qFeVkqH6MNAS2Y2cLifbdaX5XUkbZJ","category":"receive","amount":9,"label":"","confirmations":61,"blockhash":"cf1f1fd80940426199e37a7c0b8ece69089522638f6135551ce72a0f480ad9f2","blockindex":4,"blocktime":1627621948873,"txid":"250ccd82986319324aa93f533094db4ab1fb31c73a47f54a9af1cd4d9610bcc0","vout":70,"walletconflicts":[],"time":1627621924921,"timereceived":1627621924921,"bip125-replaceable":"no"},{"involvesWatchonly":true,"account":"","address":"miTHhiX3iFhVnAEecLjybxvV5g8mKYTtnM","category":"receive","amount":69.33638342,"label":"","confirmations":71,"blockhash":"691c9f4e813d670a12e280ec5a351dcc881efd07aee56fdd9cd962cfcac0f016","blockindex":77,"blocktime":1627615948873,"txid":"09c98cfe5be5e5da0d2f1797c594e8f3f4b296f8cdf92fa0df37be9df28e14a5","vout":38,"walletconflicts":[],"time":1627615923478,"timereceived":1627615923478,"bip125-replaceable":"no"},{"involvesWatchonly":true,"account":"","address":"mutrAf4usv3HKNdpLwVD4ow2oLArL6Rez8","category":"receive","amount":5.69882,"label":"","confirmations":79,"blockhash":"95b56161f606fb9ad521a89d7b283d1882e68af729ae2bf96064f98a0acbce47","blockindex":76,"blocktime":1627611148873,"txid":"c2ab40bc404b57e2f8cd7664a158bf3ec8d11c8eb10b03ae1333f5687fdfa437","vout":86,"walletconflicts":[],"time":1627611119650,"timereceived":1627611119650,"bip125-replaceable":"no"},{"involvesWatchonly":true,"account":"","address":"mvd6qFeVkqH6MNAS2Y2cLifbdaX5XUkbZJ","category":"receive","amount":1,"label":"","confirmations":91,"blockhash":"e18e48410659e472b9b0745d79338075c792eecca0cd85744c1d92e3a318a8ee","blockindex":64,"blocktime":1627603948873,"txid":"3502de978b503497096bea705b08689d51c21b4d33b98db5488a5fe9708b298b","vout":86,"walletconflicts":[],"time":1627603901760,"timereceived":1627603901760,"bip125-replaceable":"no"},{"involvesWatchonly":true,"account":"","address":"mmFFG4jqAtw9MoCC88hw5FNfreQWuEHADp","category":"receive","amount":3,"label":"","confirmations":98,"blockhash":"3afa6e09c8d9f287448a91b3fcb71a671ecb25ee4a6a7ccdffdd9cf7106e185b","blockindex":16,"blocktime":1627599748873,"txid":"5057251eeea9a34c4d01651230b4e2c9990287d26350e9f9327647156dc44be1","vout":23,"walletconflicts":[],"time":1627599713507,"timereceived":1627599713507,"bip125-replaceable":"no"},{"involvesWatchonly":true,"account":"","address":"mmFFG4jqAtw9MoCC88hw5FNfreQWuEHADp","category":"receive","amount":5,"label":"","confirmations":71,"blockhash":"691c9f4e813d670a12e280ec5a351dcc881efd07aee56fdd9cd962cfcac0f016","blockindex":68,"blocktime":1627615948873,"txid":"8c361142204e4c5c3638eeb600e9c7f4a55321a5add9e62f7df176afe7361257","vout":34,"walletconflicts":[],"time":1627615911291,"timereceived":1627615911291,"bip125-replaceable":"no"},{"involvesWatchonly":true,"account":"","address":"mvd6qFeVkqH6MNAS2Y2cLifbdaX5XUkbZJ","category":"receive","amount":1,"label":"","confirmations":77,"blockhash":"beea411502915eaa69b812079577c1c5f69e8ab7246efd45dc2326f0097056de","blockindex":51,"blocktime":1627612348873,"txid":"1c97757581892312986120ab3d760c57d7a82c257dd5c897df050e1ad5e0ceaa","vout":67,"walletconflicts":[],"time":1627612319695,"timereceived":1627612319695,"bip125-replaceable":"no"},{"involvesWatchonly":true,"account":"","address":"mzziBgzqDVus4mTx8CXxsC3yUJXveUDijr","category":"send","amount":-15.09521329,"label":"","confirmations":92,"blockhash":"48ebe50866c6746293ed2bc2d04eb86572158ca5988b7308a6bf494122789e99","blockindex":88,"blocktime":1627603348873,"txid":"f3f421eac566529ea1bce6f0f24f1db53a1e910e81c451fe0997892e63984912","vout":82,"walletconflicts":[],"time":1627603328805,"timereceived":1627603328805,"bip125-replaceable":"no"},{"involvesWatchonly":true,"account":"","address":"mmFFG4jqAtw9MoCC88hw5FNfreQWuEHADp","category":"receive","amount":1,"label":"","confirmations":79,"blockhash":"95b56161f606fb9ad521a89d7b283d1882e68af729ae2bf96064f98a0acbce47","blockindex":69,"blocktime":1627611148873,"txid":"628bf3fa8d9506bad111e1e6550476282bb95c884998999e1a0951a1ef1d17f7","vout":99,"walletconflicts":[],"time":1627611102521,"timereceived":1627611102521,"bip125-replaceable":"no"},{"involvesWatchonly":true,"account":"","address":"mzzg8fvHXydKs8j9D2a8t7KpSXpGgAnk4n","category":"receive","amount":7.24,"label":"","confirmations":97,"blockhash":"21e595bbd3d9da0c9b40e825f756caa7f118c54ba8cc3b6cc7165427717b0f7d","blockindex":56,"blocktime":1627600348873,"txid":"480abe2735349be080978e5842e9a112e35c3c4296ec0cc19e7295a5eaf031ea","vout":76,"walletconflicts":[],"time":1627600332469,"timereceived":1627600332469,"bip125-replaceable":"no"},{"involvesWatchonly":true,"account":"","address":"mvd6qFeVkqH6MNAS2Y2cLifbdaX5XUkbZJ","category":"receive","amount":5,"label":"","confirmations":58,"blockhash":"5899901ade381d5b71bf00d9b0161985a09c81a589fca560bc78b37410bfdba9","blockindex":95,"blocktime":1627623748873,"txid":"a549e8930381e7a7f7dad4ed70b04f18d65819779235870e795cdca708f6ef74","vout":87,"walletconflicts":[],"time":1627623711281,"timereceived":1627623711281,"bip125-replaceable":"no"},{"involvesWatchonly":true,"account":"","address":"mzzg8fvHXydKs8j9D2a8t7KpSXpGgAnk4n","category":"receive","amount":8.82,"label":"","confirmations":73,"blockhash":"2048586fdde7c6b1e28a51dc24cf8c1e9f45387b5c621d4a70f1edb45cbedad8","blockindex":21,"blocktime":1627614748873,"txid":"eb4754ef6aced1bdd3170f8a86a97c512b10ed29ed0ecbe248b43c9500f83ed2","vout":39,"walletconflicts":[],"time":1627614715927,"timereceived":1627614715927,"bip125-replaceable":"no"},{"involvesWatchonly":true,"account":"","address":"mjWKAnQnPt6EmnE8E1ykz5C7nkAeDnC5U9","category":"receive","amount":42.73364674,"label":"","confirmations":80,"blockhash":"2a03f863310fd168f891ff59c4dda1e08b2a2f1cddf206ee293d84b06d910a5f","blockindex":48,"blocktime":1627610548873,"txid":"ecefd9afa3a2d1a1b77b11be578abb309d41afaa065d89610305da7ca93fe090","vout":53,"walletconflicts":[],"time":1627610518006,"timereceived":1627610518006,"bip125-replaceable":"no"},{"involvesWatchonly":true,"account":"","address":"mmFFG4jqAtw9MoCC88hw5FNfreQWuEHADp","category":"receive","amount":8,"label":"","confirmations":96,"blockhash":"e4717dde25e1a159fa62c0c317efb9f70be040cb8503802294941ebaec0fc9a8","blockindex":84,"blocktime":1627600948873,"txid":"e2186be040f77d31949d1208583e6f726e94190ddc43ba972949b8a4d8c1c25b","vout":5,"walletconflicts":[],"time":1627600918753,"timereceived":1627600918753,"bip125-replaceable":"no"},{"involvesWatchonly":true,"account":"","address":"mhpvDzCBTEZsbTcgYVicZJzdUetVZqHvyL","category":"receive","amount":23.52364281,"label":"","confirmations":63,"blockhash":"c9281fa294fd389beb1c1e92cac164ef5ccaea555ba5470813b3e2b0a953c51b","blockindex":94,"blocktime":1627620748873,"txid":"b950ec2786780b4d93ac865465ccffeb6b50e5d8013a006aa5a3f2e5311ce2b7","vout":28,"walletconflicts":[],"time":1627620708233,"timereceived":1627620708233,"bip125-replaceable":"no"},{"involvesWatchonly":true,"account":"","address":"mvd6qFeVkqH6MNAS2Y2cLifbdaX5XUkbZJ","category":"receive","amount":3,"label":"","confirmations":70,"blockhash":"506a6039bbd4b196457b51fe331fb3b6c22b6f7a5b16a49aa2da8be6506f5251","blockindex":43,"blocktime":1627616548873,"txid":"12c1c460500b57389e6c1dea095a588f5dcb11e04f0ae6243470e480def375cc","vout":1,"walletconflicts":[],"time":1627616503202,"timereceived":1627616503202,"bip125-replaceable":"no"},{"involvesWatchonly":true,"account":"","address":"mvd6qFeVkqH6MNAS2Y2cLifbdaX5XUkbZJ","category":"receive","amount":2,"label":"","confirmations":81,"blockhash":"e2e3cb15a90c91f39ea6aba82416e3908514ef76ce1412741772a48d45b4614b","blockindex":90,"blocktime":1627609948873,"txid":"daa225d7591f800f936482f5ddfabe28a1e89d2176cdcaa2f2bccf4ac1c1ee71","vout":12,"walletconflicts":[],"time":1627609911862,"timereceived":1627609911862,"bip125-replaceable":"no"},{"involvesWatchonly":true,"account":"","address":"miTHhiX3iFhVnAEecLjybxvV5g8mKYTtnM","category":"receive","amount":98.05230363,"label":"","confirmations":83,"blockhash":"e60fefa1cd4271be891218707f4f8c167f51ed0d7fef1fecf9f9e3263795af18","blockindex":1,"blocktime":1627608748873,"txid":"82b7357985f3f30fb96478fe409ac0f0427a1758830efffe87ebdb74cee120cd","vout":66,"walletconflicts":[],"time":1627608718577,"timereceived":1627608718577,"bip125-replaceable":"no"},{"involvesWatchonly":true,"account":"","address":"mmFFG4jqAtw9MoCC88hw5FNfreQWuEHADp","category":"receive","amount":6,"label":"","confirmations":72,"blockhash":"bab9beab4f800ffb4c46339e32b9d3bc7399b52447e9d4fc27e78cbeb1d588b6","blockindex":1,"blocktime":1627615348873,"txid":"e469ff3519ebf95565360f8c717e56ef018b7832c36e70e8958b307ee7bc5047","vout":36,"walletconflicts":[],"time":1627615319389,"timereceived":1627615319389,"bip125-replaceable":"no"},{"involvesWatchonly":true,"account":"","address":"mvd6qFeVkqH6MNAS2Y2cLifbdaX5XUkbZJ","category":"receive","amount":4,"label":"","confirmations":75,"blockhash":"ca0df1526c8211b5aab096684203cddb859f2b839fa2aee10d3e6192391d7463","blockindex":22,"blocktime":1627613548873,"txid":"7b3e8cdc8e1f137ab69758915c94872310ae612a75067fed9446fb80c68db218","vout":98,"walletconflicts":[],"time":1627613529494,"timereceived":1627613529494,"bip125-replaceable":"no"},{"involvesWatchonly":true,"account":"","address":"mky2dCNWTaucJwc6M6m41UZNvGx7quNkf2","category":"send","amount":-52.01505741,"label":"","confirmations":67,"blockhash":"1bd8b991a896ce624a1bdb840466e7fb8960d334046690e528d2923e45948c4d","blockindex":11,"blocktime":1627618348873,"txid":"ebb590f6851b5c859a9272f2dc19bff802a994f41cb8b552d4d285f9e232f69e","vout":14,"walletconflicts":[],"time":1627618324399,"timereceived":1627618324399,"bip125-replaceable":"no"},{"involvesWatchonly":true,"account":"","address":"mo7cgeBULp3s1E87PFKRAJ8GUWWLMghtci","category":"send","amount":-59.00443678,"label":"","confirmations":55,"blockhash":"efbe824e87efde591d29671c468d2216d54caa9f601002270f55577eb941fb0c","blockindex":41,"blocktime":1627625548873,"txid":"5860adddb8b352381176bd062dab082638f36a1b8427ea3127751e74077797c6","vout":46,"walletconflicts":[],"time":1627625526937,"timereceived":1627625526937,"bip125-replaceable":"no"},{"involvesWatchonly":true,"account":"","address":"mmFFG4jqAtw9MoCC88hw5FNfreQWuEHADp","category":"receive","amount":10,"label":"","confirmations":83,"blockhash":"e60fefa1cd4271be891218707f4f8c167f51ed0d7fef1fecf9f9e3263795af18","blockindex":73,"blocktime":1627608748873,"txid":"e4db93011958279e0cfad02c9eba939ea6e3bdca31dd914bc2605db040b739cd","vout":8,"walletconflicts":[],"time":1627608700909,"timereceived":1627608700909,"bip125-replaceable":"no"},{"involvesWatchonly":true,"account":"","address":"mutrAf4usv3HKNdpLwVD4ow2oLArL6Rez8","category":"receive","amount":8.45711,"label":"","confirmations":60,"blockhash":"4392587fb2c3d50b84f7b06fd06e267b9a7676fdeeb0abb0c86bfd50b2ed39a3","blockindex":23,"blocktime":1627622548873,"txid":"593db0c8d752b76f6cd434d4c5f356d1d353c15c2f9acc267308ee3895def972","vout":69,"walletconflicts":[],"time":1627622504067,"timereceived":1627622504067,"bip125-replaceable":"no"},{"involvesWatchonly":true,"account":"","address":"mfcMTrQkpvxnVpTn29PLMU6wfcuHkngtLJ","category":"receive","amount":78.38942615,"label":"","confirmations":64,"blockhash":"cb4ab520e6740b7fedc55825d837abcd7c4c7e5944d1b67feaea5a3538003223","blockindex":90,"blocktime":1627620148873,"txid":"ee5430710fecb029e2073975423d5fae3a724f8944b9850b305669ce0ab2837a","vout":3,"walletconflicts":[],"time":1627620106122,"timereceived":1627620106122,"bip125-replaceable":"no"},{"involvesWatchonly":true,"account":"","address":"mzzg8fvHXydKs8j9D2a8t7KpSXpGgAnk4n","category":"receive","amount":7.17,"label":"","confirmations":95,"blockhash":"11279a7c7fcb304e9f43404688d9212f1b061edae9c1c7a1db95efee56d456f6","blockindex":0,"blocktime":1627601548873,"txid":"39ac3f5c7f16b095487b8e7a6e4f205a12d4d50f90483a585a9ea68dfe07b401","vout":35,"walletconflicts":[],"time":1627601525402,"timereceived":1627601525402,"bip125-replaceable":"no"},{"involvesWatchonly":true,"account":"","address":"mtpbrvNEARTWp6t6MR68mfq3MrHhQzYJzv","category":"send","amount":-83.50686231,"label":"","confirmations":90,"blockhash":"aab2a4462b040b7ad8c255ba3d96af88b9150eb16e792650d5b8530b0b91bf9b","blockindex":31,"blocktime":1627604548873,"txid":"be6f8a4e945c189c873af88d314ba3729215c0491df08d40c3291ec59b0cfc85","vout":50,"walletconflicts":[],"time":1627604515256,"timereceived":1627604515256,"bip125-replaceable":"no"},{"involvesWatchonly":true,"account":"","address":"mr18XPyx9xtB5m9mm3mK4ZXH9wbh9fxPhv","category":"receive","amount":46.57757195,"label":"","confirmations":60,"blockhash":"4392587fb2c3d50b84f7b06fd06e267b9a7676fdeeb0abb0c86bfd50b2ed39a3","blockindex":89,"blocktime":1627622548873,"txid":"51dd8c1ef7a063286cbfce35337069f39eb0c89c0a4a7298642efe21da4bb7e7","vout":18,"walletconflicts":[],"time":1627622537732,"timereceived":1627622537732,"bip125-replaceable":"no"},{"involvesWatchonly":true,"account":"","address":"miTHhiX3iFhVnAEecLjybxvV5g8mKYTtnM","category":"receive","amount":84.32830941,"label":"","confirmations":62,"blockhash":"53fd8c4f770750958a9a281b787ca5b3c8c126574798ef9e1f3640cab8b5fad6","blockindex":81,"blocktime":1627621348873,"txid":"bd4b07c9c9afbc4696c5eef8f14b382e1bccf482f1200e926457bb132004a24a","vout":41,"walletconflicts":[],"time":1627621316806,"timereceived":1627621316806,"bip125-replaceable":"no"},{"involvesWatchonly":true,"account":"","address":"mvd6qFeVkqH6MNAS2Y2cLifbdaX5XUkbZJ","category":"receive","amount":4,"label":"","confirmations":78,"blockhash":"38a4f774492f861bd31bba3835814c01ddae8c7bce545b0566d1d9822d78ecbd","blockindex":73,"blocktime":1627611748873,"txid":"2adfee65e5533823939840def4ecc1df9fd44f7da4ceaf59e40279ed3e6586f5","vout":28,"walletconflicts":[],"time":1627611734501,"timereceived":1627611734501,"bip125-replaceable":"no"},{"involvesWatchonly":true,"account":"","address":"miTHhiX3iFhVnAEecLjybxvV5g8mKYTtnM","category":"receive","amount":1.2e-7,"label":"","confirmations":77,"blockhash":"beea411502915eaa69b812079577c1c5f69e8ab7246efd45dc2326f0097056de","blockindex":12,"blocktime":1627612348873,"txid":"56ec47b625f0221469b35ca05ee3a9353ba1e7ea62c6a48333bea6e9c039a163","vout":10,"walletconflicts":[],"time":1627612325947,"timereceived":1627612325947,"bip125-replaceable":"no"},{"involvesWatchonly":true,"account":"","address":"mmFFG4jqAtw9MoCC88hw5FNfreQWuEHADp","category":"receive","amount":9,"label":"","confirmations":60,"blockhash":"4392587fb2c3d50b84f7b06fd06e267b9a7676fdeeb0abb0c86bfd50b2ed39a3","blockindex":0,"blocktime":1627622548873,"txid":"1472c73d843137c9fa5b825b7b61e66929330fc38809e6aa9257fe78ebe28dcb","vout":81,"walletconflicts":[],"time":1627622506247,"timereceived":1627622506247,"bip125-replaceable":"no"},{"involvesWatchonly":true,"account":"","address":"mi9RQomjKXWhktyYrzhWXJHbqrw4cFP4H7","category":"send","amount":-51.393292,"label":"","confirmations":67,"blockhash":"1bd8b991a896ce624a1bdb840466e7fb8960d334046690e528d2923e45948c4d","blockindex":36,"blocktime":1627618348873,"txid":"ecab81757611935e1ae8d1b2e659b992b6ac38c418b76c186e427fce02abee99","vout":92,"walletconflicts":[],"time":1627618302555,"timereceived":1627618302555,"bip125-replaceable":"no"},{"involvesWatchonly":true,"account":"","address":"mzzg8fvHXydKs8j9D2a8t7KpSXpGgAnk4n","category":"receive","amount":3.46,"label":"","confirmations":53,"blockhash":"9cc54eac2123d6b11f5036630e73373f1ac69a8b3ef6b15761676467e9a04313","blockindex":25,"blocktime":1627626748873,"txid":"07eeffdac0503ddca403b0193442cd2112f8f6112e1a37e0c156c2109d15344b","vout":41,"walletconflicts":[],"time":1627626725493,"timereceived":1627626725493,"bip125-replaceable":"no"},{"involvesWatchonly":true,"account":"","address":"moLrye5m45qC2SoUqpjmCyinrpsrGESpYJ","category":"send","amount":-95.89564379,"label":"","confirmations":84,"blockhash":"db41bd3d7e0c4112bb600c2fd42a8777d489eb5d491e9a5c48abeaa61ee5ee02","blockindex":67,"blocktime":1627608148873,"txid":"19d1394b78c729692273292f4d2368f51ce90882fa542a054123e62cc559b800","vout":75,"walletconflicts":[],"time":1627608138539,"timereceived":1627608138539,"bip125-replaceable":"no"},{"involvesWatchonly":true,"account":"","address":"msZyCtZeeJejC9GYTP93trKfMqicssCPM3","category":"receive","amount":21.58355581,"label":"","confirmations":53,"blockhash":"9cc54eac2123d6b11f5036630e73373f1ac69a8b3ef6b15761676467e9a04313","blockindex":22,"blocktime":1627626748873,"txid":"ae71fc192eb74d71c5c7164b6a68fa540f4fc1dc99b8b4ac48322c36fbcedf84","vout":49,"walletconflicts":[],"time":1627626732776,"timereceived":1627626732776,"bip125-replaceable":"no"},{"involvesWatchonly":true,"account":"","address":"miTHhiX3iFhVnAEecLjybxvV5g8mKYTtnM","category":"receive","amount":43.09692788,"label":"","confirmations":97,"blockhash":"21e595bbd3d9da0c9b40e825f756caa7f118c54ba8cc3b6cc7165427717b0f7d","blockindex":99,"blocktime":1627600348873,"txid":"1c30c1794e2216a90fd8c41fb88c797f786ff51e681a067f77c227ecad4a959b","vout":60,"walletconflicts":[],"time":1627600331475,"timereceived":1627600331475,"bip125-replaceable":"no"},{"involvesWatchonly":true,"account":"","address":"mvd6qFeVkqH6MNAS2Y2cLifbdaX5XUkbZJ","category":"receive","amount":1,"label":"","confirmations":92,"blockhash":"48ebe50866c6746293ed2bc2d04eb86572158ca5988b7308a6bf494122789e99","blockindex":42,"blocktime":1627603348873,"txid":"de844bae1f26b12d3c67fb2018720f6c6d39c8fcc5f59de1600cff16af8664ff","vout":45,"walletconflicts":[],"time":1627603310853,"timereceived":1627603310853,"bip125-replaceable":"no"},{"involvesWatchonly":true,"account":"","address":"mmFFG4jqAtw9MoCC88hw5FNfreQWuEHADp","category":"receive","amount":4,"label":"","confirmations":65,"blockhash":"444ea995faaad3eb5c13bdbaae288ab3f2903f0831800a25f3aba3549bb6982b","blockindex":33,"blocktime":1627619548873,"txid":"cbe382cc322e09d552b7b4010785e96169fad7cba77faea505563aff6798fbf5","vout":38,"walletconflicts":[],"time":1627619505913,"timereceived":1627619505913,"bip125-replaceable":"no"},{"involvesWatchonly":true,"account":"","address":"mvd6qFeVkqH6MNAS2Y2cLifbdaX5XUkbZJ","category":"receive","amount":5,"label":"","confirmations":88,"blockhash":"34e97ad18d4b337341fecbf7ed2e4edaaf4e0e8507af222a684c32482c75e81a","blockindex":94,"blocktime":1627605748873,"txid":"8fb6fc099922e30673368af21f97563b40013558cb913fb91721282a5c1e76b9","vout":44,"walletconflicts":[],"time":1627605718727,"timereceived":1627605718727,"bip125-replaceable":"no"},{"involvesWatchonly":true,"account":"","address":"mvcyJMiAcSXKAEsQxbW9TYZ369rsMG6rVV","category":"generate","amount":25,"label":"","confirmations":177,"blockhash":"1f7aa1948bffdad807f6c772e1ee95862387b7bae8839cd8af71ba44e5f80777","blockindex":25,"blocktime":1627588548876,"txid":"ad25086de9e92a30575661c10c42291eba141a6d42a4be907347f60e3d79921a","vout":99,"walletconflicts":[],"time":1627583548876,"timereceived":1627583548876,"bip125-replaceable":"no"},{"involvesWatchonly":true,"account":"","address":"mvd6qFeVkqH6MNAS2Y2cLifbdaX5XUkbZJ","category":"receive","amount":10,"label":"","confirmations":67,"blockhash":"1bd8b991a896ce624a1bdb840466e7fb8960d334046690e528d2923e45948c4d","blockindex":4,"blocktime":1627618348873,"txid":"17128f5e0364f71a1118323e92c15b6073276f6103b0a589483f19e17bd7b5fd","vout":23,"walletconflicts":[],"time":1627618313608,"timereceived":1627618313608,"bip125-replaceable":"no"},{"involvesWatchonly":true,"account":"","address":"2N1SP7r92ZZJvYKG2oNtzPwYnzw62up7mTo","category":"receive","amount":4.12,"label":"","confirmations":87,"blockhash":"2d283b7c4fb9f764df482a46825463b832d84be9b1c511413382c4772494d8ab","blockindex":32,"blocktime":1627606348873,"txid":"885239697c45c591917197c139c69656272e56a8c2f0e21bdfb56aa06d11b55e","vout":18,"walletconflicts":[],"time":1627606331392,"timereceived":1627606331392,"bip125-replaceable":"no"},{"involvesWatchonly":true,"account":"","address":"mvd6qFeVkqH6MNAS2Y2cLifbdaX5XUkbZJ","category":"receive","amount":4,"label":"","confirmations":98,"blockhash":"3afa6e09c8d9f287448a91b3fcb71a671ecb25ee4a6a7ccdffdd9cf7106e185b","blockindex":66,"blocktime":1627599748873,"txid":"8b6a89ce2c11be0489ec83dba8a00ec6e4170faf9946fe4087b03f5e4a9a7e13","vout":62,"walletconflicts":[],"time":1627599727363,"timereceived":1627599727363,"bip125-replaceable":"no"},{"involvesWatchonly":true,"account":"","address":"miTHhiX3iFhVnAEecLjybxvV5g8mKYTtnM","category":"receive","amount":84.34937149,"label":"","confirmations":60,"blockhash":"4392587fb2c3d50b84f7b06fd06e267b9a7676fdeeb0abb0c86bfd50b2ed39a3","blockindex":94,"blocktime":1627622548873,"txid":"f592999cec8d8b62192e505ee18db447d74316fcc454894d0d0020af50a671aa","vout":37,"walletconflicts":[],"time":1627622525768,"timereceived":1627622525768,"bip125-replaceable":"no"},{"involvesWatchonly":true,"account":"","address":"mzzg8fvHXydKs8j9D2a8t7KpSXpGgAnk4n","category":"receive","amount":0.05,"label":"","confirmations":52,"blockhash":"4cc1dd2d2a7e0e959fadd7af92eb46da239bea6d5dd1fc6b9899b9618206d266","blockindex":40,"blocktime":1627627348873,"txid":"a68d1e64d8b052de2fe5bcba32bc4f7a50f202e1918e849648c97392ec5c84bb","vout":92,"walletconflicts":[],"time":1627627319462,"timereceived":1627627319462,"bip125-replaceable":"no"},{"involvesWatchonly":true,"account":"","address":"ms6a8G3J5XcYiGJbyPHd9AAQ2FFVRRWDZt","category":"receive","amount":68.3270907,"label":"","confirmations":81,"blockhash":"e2e3cb15a90c91f39ea6aba82416e3908514ef76ce1412741772a48d45b4614b","blockindex":70,"blocktime":1627609948873,"txid":"f73d38063ec1a9ccec3e295d019d71d078c84de865adad5a77ee4ed89d0b7763","vout":40,"walletconflicts":[],"time":1627609932555,"timereceived":1627609932555,"bip125-replaceable":"no"},{"involvesWatchonly":true,"account":"","address":"mzVyNg9tw4cjL3QnBhRVpRwRgxBDQTsaiV","category":"receive","amount":93.21009929,"label":"","confirmations":75,"blockhash":"ca0df1526c8211b5aab096684203cddb859f2b839fa2aee10d3e6192391d7463","blockindex":89,"blocktime":1627613548873,"txid":"0c14908d8ad0bad952044c59a12f463be641ae64cd433e07cd5a61cab80d8854","vout":88,"walletconflicts":[],"time":1627613514761,"timereceived":1627613514761,"bip125-replaceable":"no"},{"involvesWatchonly":true,"account":"","address":"mutrAf4usv3HKNdpLwVD4ow2oLArL6Rez8","category":"receive","amount":5.3993,"label":"","confirmations":99,"blockhash":"a41fa1bca7e5a9670e6df0b855ab72d40ff475975941ad8fff923011e066c1a3","blockindex":54,"blocktime":1627599148873,"txid":"32592b0a242fb45097910b57315c2ef7548eb6a2d6572ed9662cd6235e263f76","vout":51,"walletconflicts":[],"time":1627599133374,"timereceived":1627599133374,"bip125-replaceable":"no"},{"involvesWatchonly":true,"account":"","address":"mutrAf4usv3HKNdpLwVD4ow2oLArL6Rez8","category":"receive","amount":0.14871,"label":"","confirmations":79,"blockhash":"95b56161f606fb9ad521a89d7b283d1882e68af729ae2bf96064f98a0acbce47","blockindex":44,"blocktime":1627611148873,"txid":"894f7eaa4ae49ae28aa4810ae7ff2e3c3182dfc070493a07d80be145876851f9","vout":74,"walletconflicts":[],"time":1627611106623,"timereceived":1627611106623,"bip125-replaceable":"no"},{"involvesWatchonly":true,"account":"","address":"mvd6qFeVkqH6MNAS2Y2cLifbdaX5XUkbZJ","category":"receive","amount":5,"label":"","confirmations":81,"blockhash":"e2e3cb15a90c91f39ea6aba82416e3908514ef76ce1412741772a48d45b4614b","blockindex":6,"blocktime":1627609948873,"txid":"74f84c42b68efc4f81902a8becb89d15a380278b0b743e99e7ba58b74622ca6a","vout":28,"walletconflicts":[],"time":1627609905710,"timereceived":1627609905710,"bip125-replaceable":"no"},{"involvesWatchonly":true,"account":"","address":"mzzg8fvHXydKs8j9D2a8t7KpSXpGgAnk4n","category":"receive","amount":3.24,"label":"","confirmations":63,"blockhash":"c9281fa294fd389beb1c1e92cac164ef5ccaea555ba5470813b3e2b0a953c51b","blockindex":45,"blocktime":1627620748873,"txid":"50ff3ba64b075ab5c0a1b3addddb279cdd2c171b3d927b9d6d04850fd8bd300c","vout":47,"walletconflicts":[],"time":1627620711391,"timereceived":1627620711391,"bip125-replaceable":"no"},{"involvesWatchonly":true,"account":"","address":"mutrAf4usv3HKNdpLwVD4ow2oLArL6Rez8","category":"receive","amount":9.5292,"label":"","confirmations":77,"blockhash":"beea411502915eaa69b812079577c1c5f69e8ab7246efd45dc2326f0097056de","blockindex":45,"blocktime":1627612348873,"txid":"b07346da8bcad1490d47b54131e550a04e0d34da7fdf243cba2ce141ac1df009","vout":67,"walletconflicts":[],"time":1627612325072,"timereceived":1627612325072,"bip125-replaceable":"no"},{"involvesWatchonly":true,"account":"","address":"muRSs9C2DrAsy28k6C1nAnCNTwYPXpjsn1","category":"receive","amount":36.23267296,"label":"","confirmations":79,"blockhash":"95b56161f606fb9ad521a89d7b283d1882e68af729ae2bf96064f98a0acbce47","blockindex":95,"blocktime":1627611148873,"txid":"542a0c5ecc005be805fe37dac5ea173e70703146e491e7005ae0c6cf95051e96","vout":83,"walletconflicts":[],"time":1627611101535,"timereceived":1627611101535,"bip125-replaceable":"no"},{"involvesWatchonly":true,"account":"","address":"myuPFnmpChJurtvdKCVVK5S4ZU9JcgSmoj","category":"receive","amount":28.62734149,"label":"","confirmations":71,"blockhash":"691c9f4e813d670a12e280ec5a351dcc881efd07aee56fdd9cd962cfcac0f016","blockindex":88,"blocktime":1627615948873,"txid":"2e249dbe4706cca44324c294f8842627b42bb8fab30539288b0ee94b76340cd4","vout":62,"walletconflicts":[],"time":1627615937224,"timereceived":1627615937224,"bip125-replaceable":"no"},{"involvesWatchonly":true,"account":"","address":"mmFFG4jqAtw9MoCC88hw5FNfreQWuEHADp","category":"receive","amount":4,"label":"","confirmations":63,"blockhash":"c9281fa294fd389beb1c1e92cac164ef5ccaea555ba5470813b3e2b0a953c51b","blockindex":51,"blocktime":1627620748873,"txid":"bcc7f870906f044abac1dee82ce849093c2f4fa15ec42c727a01338c45f7946a","vout":99,"walletconflicts":[],"time":1627620722634,"timereceived":1627620722634,"bip125-replaceable":"no"},{"involvesWatchonly":true,"account":"","address":"mmFFG4jqAtw9MoCC88hw5FNfreQWuEHADp","category":"receive","amount":8,"label":"","confirmations":63,"blockhash":"c9281fa294fd389beb1c1e92cac164ef5ccaea555ba5470813b3e2b0a953c51b","blockindex":41,"blocktime":1627620748873,"txid":"f59737d1b0435d0af840294a8646f044cde63856520c2f63ebcabf3310d6aff5","vout":74,"walletconflicts":[],"time":1627620709380,"timereceived":1627620709380,"bip125-replaceable":"no"},{"involvesWatchonly":true,"account":"","address":"mvd6qFeVkqH6MNAS2Y2cLifbdaX5XUkbZJ","category":"receive","amount":8,"label":"","confirmations":64,"blockhash":"cb4ab520e6740b7fedc55825d837abcd7c4c7e5944d1b67feaea5a3538003223","blockindex":61,"blocktime":1627620148873,"txid":"3f120f542560af9c8287318d0d15f6de65bafa22a95e12f9ea314c1ad2322d90","vout":42,"walletconflicts":[],"time":1627620118510,"timereceived":1627620118510,"bip125-replaceable":"no"},{"involvesWatchonly":true,"account":"","address":"2N1SP7r92ZZJvYKG2oNtzPwYnzw62up7mTo","category":"receive","amount":7.5,"label":"","confirmations":56,"blockhash":"d6b0518bf8167e8a66f84a2eb0c66e228eb639278cad16d041e7ad8218d3e547","blockindex":44,"blocktime":1627624948873,"txid":"663bb0549df0a0aacc83ec1de2fa6feb451536b2fe36cde1fb7598f358d9a0e9","vout":5,"walletconflicts":[],"time":1627624920575,"timereceived":1627624920575,"bip125-replaceable":"no"},{"involvesWatchonly":true,"account":"","address":"2N1SP7r92ZZJvYKG2oNtzPwYnzw62up7mTo","category":"receive","amount":6.93,"label":"","confirmations":80,"blockhash":"2a03f863310fd168f891ff59c4dda1e08b2a2f1cddf206ee293d84b06d910a5f","blockindex":39,"blocktime":1627610548873,"txid":"a2330411967a981748469e10827c9239e0d2f8fadcd8251a1ed8b235ecf34085","vout":42,"walletconflicts":[],"time":1627610524393,"timereceived":1627610524393,"bip125-replaceable":"no"},{"involvesWatchonly":true,"account":"","address":"mvd6qFeVkqH6MNAS2Y2cLifbdaX5XUkbZJ","category":"receive","amount":9,"label":"","confirmations":81,"blockhash":"e2e3cb15a90c91f39ea6aba82416e3908514ef76ce1412741772a48d45b4614b","blockindex":53,"blocktime":1627609948873,"txid":"fe3db929ba8dc98371b241c77fd6ec05fbb4285dc72fa20e46c19a81e70d1fcf","vout":42,"walletconflicts":[],"time":1627609935153,"timereceived":1627609935153,"bip125-replaceable":"no"},{"involvesWatchonly":true,"account":"","address":"mvd6qFeVkqH6MNAS2Y2cLifbdaX5XUkbZJ","category":"receive","amount":4,"label":"","confirmations":96,"blockhash":"e4717dde25e1a159fa62c0c317efb9f70be040cb8503802294941ebaec0fc9a8","blockindex":81,"blocktime":1627600948873,"txid":"343f6e98a794fbec4bb7d979efc31a054bd2e3852b496d1723e622474491c16a","vout":50,"walletconflicts":[],"time":1627600932923,"timereceived":1627600932923,"bip125-replaceable":"no"},{"involvesWatchonly":true,"account":"","address":"mvcyJMiAcSXKAEsQxbW9TYZ369rsMG6rVV","category":"receive","amount":19.26559453,"label":"","confirmations":81,"blockhash":"e2e3cb15a90c91f39ea6aba82416e3908514ef76ce1412741772a48d45b4614b","blockindex":56,"blocktime":1627609948873,"txid":"6c7bf9921a6cd128e549ec4486c5bda43a222d51b18b9482fec59f53c34c7728","vout":39,"walletconflicts":[],"time":1627609906269,"timereceived":1627609906269,"bip125-replaceable":"no"},{"involvesWatchonly":true,"account":"","address":"mvcyJMiAcSXKAEsQxbW9TYZ369rsMG6rVV","category":"immature","amount":25,"label":"","confirmations":70,"blockhash":"506a6039bbd4b196457b51fe331fb3b6c22b6f7a5b16a49aa2da8be6506f5251","blockindex":16,"blocktime":1627616548873,"txid":"1f4732db92c9f62474e2b3bdea11420374c0677146e3f7abc16cd60cea25481c","vout":97,"walletconflicts":[],"time":1627616520919,"timereceived":1627616520919,"bip125-replaceable":"no"},{"involvesWatchonly":true,"account":"","address":"mvd6qFeVkqH6MNAS2Y2cLifbdaX5XUkbZJ","category":"receive","amount":8,"label":"","confirmations":86,"blockhash":"1031ad42ca137cf53fa85541e01222dbe85e82d1045aadcb45de94794b79c5ce","blockindex":71,"blocktime":1627606948873,"txid":"fab7e6a156a2c141045cde0ea6555d9a7feca577a9c7e115df680c84d6ccf778","vout":23,"walletconflicts":[],"time":1627606910394,"timereceived":1627606910394,"bip125-replaceable":"no"},{"involvesWatchonly":true,"account":"","address":"miTHhiX3iFhVnAEecLjybxvV5g8mKYTtnM","category":"receive","amount":92.15722494,"label":"","confirmations":74,"blockhash":"39818c17a20843f2aeffa7087b638758f9fa347504a083bc9e441bec4bd2ba74","blockindex":84,"blocktime":1627614148873,"txid":"de2c60472c2cd46532a76bc370ae6f46a10c0130d5d2bc310be58a2d08989a81","vout":29,"walletconflicts":[],"time":1627614136549,"timereceived":1627614136549,"bip125-replaceable":"no"},{"involvesWatchonly":true,"account":"","address":"mzzg8fvHXydKs8j9D2a8t7KpSXpGgAnk4n","category":"receive","amount":6.53,"label":"","confirmations":54,"blockhash":"9bfcbbf6ed1c45ce40af4064f090ea895117c8d6039292971c2dc5da75d6234d","blockindex":40,"blocktime":1627626148873,"txid":"97fa3cf7f65d6e1a1df5d9b7ebe8eedd179a63ac7c27135353b5fb3f03972b25","vout":14,"walletconflicts":[],"time":1627626132616,"timereceived":1627626132616,"bip125-replaceable":"no"},{"involvesWatchonly":true,"account":"","address":"mvcyJMiAcSXKAEsQxbW9TYZ369rsMG6rVV","category":"receive","amount":22.65657653,"label":"","confirmations":61,"blockhash":"cf1f1fd80940426199e37a7c0b8ece69089522638f6135551ce72a0f480ad9f2","blockindex":15,"blocktime":1627621948873,"txid":"3aa908fb021413cc64c720a3e98bb3987f014f598be9a2a9596f4c3315e577af","vout":34,"walletconflicts":[],"time":1627621919160,"timereceived":1627621919160,"bip125-replaceable":"no"},{"involvesWatchonly":true,"account":"","address":"mzzg8fvHXydKs8j9D2a8t7KpSXpGgAnk4n","category":"receive","amount":4.4,"label":"","confirmations":93,"blockhash":"836e995a783b1afd8fa7765298c17a752db919120ae482dfb276ef788af952b9","blockindex":41,"blocktime":1627602748873,"txid":"d025f873487a05b8ce85a27370ab4e9ec3a85761e87c547994472a428d35a5df","vout":93,"walletconflicts":[],"time":1627602708236,"timereceived":1627602708236,"bip125-replaceable":"no"},{"involvesWatchonly":true,"account":"","address":"muDwtNDAAn8348s9pey4CqTeTZR8pUsR9v","category":"receive","amount":98.04437945,"label":"","confirmations":64,"blockhash":"cb4ab520e6740b7fedc55825d837abcd7c4c7e5944d1b67feaea5a3538003223","blockindex":35,"blocktime":1627620148873,"txid":"f1b90bf77f6723997c3aff7b6f3911ad5a18a8e26cb0cb415641c74e646ff92d","vout":42,"walletconflicts":[],"time":1627620133772,"timereceived":1627620133772,"bip125-replaceable":"no"},{"involvesWatchonly":true,"account":"","address":"mmFFG4jqAtw9MoCC88hw5FNfreQWuEHADp","category":"receive","amount":3,"label":"","confirmations":70,"blockhash":"506a6039bbd4b196457b51fe331fb3b6c22b6f7a5b16a49aa2da8be6506f5251","blockindex":54,"blocktime":1627616548873,"txid":"d43311c1412169261bfbb72a7833d81af04b40a8fb2e40abff9d2c90c29d686b","vout":53,"walletconflicts":[],"time":1627616511891,"timereceived":1627616511891,"bip125-replaceable":"no"},{"involvesWatchonly":true,"account":"","address":"mzzg8fvHXydKs8j9D2a8t7KpSXpGgAnk4n","category":"receive","amount":8.56,"label":"","confirmations":55,"blockhash":"efbe824e87efde591d29671c468d2216d54caa9f601002270f55577eb941fb0c","blockindex":70,"blocktime":1627625548873,"txid":"7b9cfbed67d423e51ec31b4887764710a496d8c6b7f5d32d9fe6387af3471915","vout":77,"walletconflicts":[],"time":1627625504595,"timereceived":1627625504595,"bip125-replaceable":"no"},{"involvesWatchonly":true,"account":"","address":"mmFFG4jqAtw9MoCC88hw5FNfreQWuEHADp","category":"receive","amount":9,"label":"","confirmations":96,"blockhash":"e4717dde25e1a159fa62c0c317efb9f70be040cb8503802294941ebaec0fc9a8","blockindex":37,"blocktime":1627600948873,"txid":"33dbf10a0de9ba22087573e5e24e7963f8166ea18b0e61b12349be354c6bea44","vout":1,"walletconflicts":[],"time":1627600916169,"timereceived":1627600916169,"bip125-replaceable":"no"},{"involvesWatchonly":true,"account":"","address":"mvd6qFeVkqH6MNAS2Y2cLifbdaX5XUkbZJ","category":"receive","amount":10,"label":"","confirmations":95,"blockhash":"11279a7c7fcb304e9f43404688d9212f1b061edae9c1c7a1db95efee56d456f6","blockindex":64,"blocktime":1627601548873,"txid":"302d1e76345ffd5bbfbd0a0acd795136ab0318dd9f81a888924d98b3390c0eb0","vout":26,"walletconflicts":[],"time":1627601518458,"timereceived":1627601518458,"bip125-replaceable":"no"},{"involvesWatchonly":true,"account":"","address":"mzzg8fvHXydKs8j9D2a8t7KpSXpGgAnk4n","category":"receive","amount":1.93,"label":"","confirmations":52,"blockhash":"4cc1dd2d2a7e0e959fadd7af92eb46da239bea6d5dd1fc6b9899b9618206d266","blockindex":40,"blocktime":1627627348873,"txid":"df87d525ade300a85139e3cff7a3bb2b55f84ec6bba46affe9e737a6be29fae4","vout":33,"walletconflicts":[],"time":1627627299249,"timereceived":1627627299249,"bip125-replaceable":"no"},{"involvesWatchonly":true,"account":"","address":"mzzg8fvHXydKs8j9D2a8t7KpSXpGgAnk4n","category":"receive","amount":2.49,"label":"","confirmations":54,"blockhash":"9bfcbbf6ed1c45ce40af4064f090ea895117c8d6039292971c2dc5da75d6234d","blockindex":25,"blocktime":1627626148873,"txid":"d9da3927d0cb8846371cc8ab85d0370ee2bfa766984aa14db7e6087ba7777f89","vout":8,"walletconflicts":[],"time":1627626120527,"timereceived":1627626120527,"bip125-replaceable":"no"},{"involvesWatchonly":true,"account":"","address":"mvd6qFeVkqH6MNAS2Y2cLifbdaX5XUkbZJ","category":"receive","amount":10,"label":"","confirmations":91,"blockhash":"e18e48410659e472b9b0745d79338075c792eecca0cd85744c1d92e3a318a8ee","blockindex":45,"blocktime":1627603948873,"txid":"5375a8c4d2d5498531a5c94308cb5d1843e616e751174157711a82e543ba013b","vout":72,"walletconflicts":[],"time":1627603923289,"timereceived":1627603923289,"bip125-replaceable":"no"},{"involvesWatchonly":true,"account":"","address":"mmFFG4jqAtw9MoCC88hw5FNfreQWuEHADp","category":"receive","amount":3,"label":"","confirmations":94,"blockhash":"f16aadfc84122cd1eda474618be0d14481876eefea154858faf25550a1dd2939","blockindex":26,"blocktime":1627602148873,"txid":"593bb55ec98fb93e3c26473d085073a4f6c143428ceb7690d15212c979600543","vout":50,"walletconflicts":[],"time":1627602125800,"timereceived":1627602125800,"bip125-replaceable":"no"},{"involvesWatchonly":true,"account":"","address":"mmFFG4jqAtw9MoCC88hw5FNfreQWuEHADp","category":"receive","amount":5,"label":"","confirmations":98,"blockhash":"3afa6e09c8d9f287448a91b3fcb71a671ecb25ee4a6a7ccdffdd9cf7106e185b","blockindex":93,"blocktime":1627599748873,"txid":"1ceba571d7d8a343abc566f51d427d40ea0f0023c19e0190eecfe524d1382627","vout":71,"walletconflicts":[],"time":1627599730293,"timereceived":1627599730293,"bip125-replaceable":"no"},{"involvesWatchonly":true,"account":"","address":"2N1SP7r92ZZJvYKG2oNtzPwYnzw62up7mTo","category":"receive","amount":7.9,"label":"","confirmations":82,"blockhash":"f048f6458a562d979ded241060023f8a19cb4b25f64eb045e6b846e6069e088d","blockindex":35,"blocktime":1627609348873,"txid":"cdb9788353e93d75a759dab990b51c6cf169eb2b9bb3daebf86ab8166cf0ed22","vout":59,"walletconflicts":[],"time":1627609306696,"timereceived":1627609306696,"bip125-replaceable":"no"},{"involvesWatchonly":true,"account":"","address":"mzzg8fvHXydKs8j9D2a8t7KpSXpGgAnk4n","category":"receive","amount":9.36,"label":"","confirmations":68,"blockhash":"3cae22982b7ba20c58cc8a6e08f9b404afa3d59a62948dd181bbb123d74a5560","blockindex":68,"blocktime":1627617748873,"txid":"66d9339f3f9f5aa32e720f576a7a38b979203c092d3df5d1d26963ff0d911598","vout":0,"walletconflicts":[],"time":1627617699325,"timereceived":1627617699325,"bip125-replaceable":"no"},{"involvesWatchonly":true,"account":"","address":"miTHhiX3iFhVnAEecLjybxvV5g8mKYTtnM","category":"receive","amount":54.08306321,"label":"","confirmations":70,"blockhash":"506a6039bbd4b196457b51fe331fb3b6c22b6f7a5b16a49aa2da8be6506f5251","blockindex":25,"blocktime":1627616548873,"txid":"42e7fcef4aafd0bf08173a44d02cb6d3e86fb9ad14cf873264989eb959533bcd","vout":9,"walletconflicts":[],"time":1627616514792,"timereceived":1627616514792,"bip125-replaceable":"no"},{"involvesWatchonly":true,"account":"","address":"mvd6qFeVkqH6MNAS2Y2cLifbdaX5XUkbZJ","category":"receive","amount":4,"label":"","confirmations":61,"blockhash":"cf1f1fd80940426199e37a7c0b8ece69089522638f6135551ce72a0f480ad9f2","blockindex":77,"blocktime":1627621948873,"txid":"3991346500e755b3e3670d13b0550934c16f683f250934c85b199c3f2e23c50a","vout":11,"walletconflicts":[],"time":1627621909221,"timereceived":1627621909221,"bip125-replaceable":"no"},{"involvesWatchonly":true,"account":"","address":"mzzg8fvHXydKs8j9D2a8t7KpSXpGgAnk4n","category":"receive","amount":9.75,"label":"","confirmations":95,"blockhash":"11279a7c7fcb304e9f43404688d9212f1b061edae9c1c7a1db95efee56d456f6","blockindex":63,"blocktime":1627601548873,"txid":"39d5c6f6bf4a8832c9a54bc67149324b2655b973d3d522b4e521e8c92951bd94","vout":74,"walletconflicts":[],"time":1627601534068,"timereceived":1627601534068,"bip125-replaceable":"no"},{"involvesWatchonly":true,"account":"","address":"mutrAf4usv3HKNdpLwVD4ow2oLArL6Rez8","category":"receive","amount":0.99115,"label":"","confirmations":85,"blockhash":"e229b17680d878b35519a01e4ae972a79fe47da8474667097162042e5ba8ddb1","blockindex":65,"blocktime":1627607548873,"txid":"43db21fde4e77b411a2c8375e00499a980e307c5fa7140ebfd9c373248e71f77","vout":78,"walletconflicts":[],"time":1627607504275,"timereceived":1627607504275,"bip125-replaceable":"no"},{"involvesWatchonly":true,"account":"","address":"mutrAf4usv3HKNdpLwVD4ow2oLArL6Rez8","category":"receive","amount":3.39051,"label":"","confirmations":63,"blockhash":"c9281fa294fd389beb1c1e92cac164ef5ccaea555ba5470813b3e2b0a953c51b","blockindex":85,"blocktime":1627620748873,"txid":"f26628cd89ea68df24e2282c7f1e963597142d85b9040fe1d6d0870c2173e4e6","vout":6,"walletconflicts":[],"time":1627620727566,"timereceived":1627620727566,"bip125-replaceable":"no"},{"involvesWatchonly":true,"account":"","address":"mzzg8fvHXydKs8j9D2a8t7KpSXpGgAnk4n","category":"receive","amount":1.05,"label":"","confirmations":93,"blockhash":"836e995a783b1afd8fa7765298c17a752db919120ae482dfb276ef788af952b9","blockindex":73,"blocktime":1627602748873,"txid":"91ebe77ef815edfeec722a27abfb152ded4574feef9027ccc5032a6d7fa74721","vout":97,"walletconflicts":[],"time":1627602708183,"timereceived":1627602708183,"bip125-replaceable":"no"},{"involvesWatchonly":true,"account":"","address":"mvcyJMiAcSXKAEsQxbW9TYZ369rsMG6rVV","category":"receive","amount":79.38362238,"label":"","confirmations":76,"blockhash":"5df2c67abaa7c6aacda69efdd61cf05954ba4487b2f933a092e615fefccc1da8","blockindex":28,"blocktime":1627612948873,"txid":"67c5e032cf3ae61af436865892b0333e329dd80fe1ea191e274a46ea185ec140","vout":65,"walletconflicts":[],"time":1627612930702,"timereceived":1627612930702,"bip125-replaceable":"no"},{"involvesWatchonly":true,"account":"","address":"mvd6qFeVkqH6MNAS2Y2cLifbdaX5XUkbZJ","category":"receive","amount":2,"label":"","confirmations":68,"blockhash":"3cae22982b7ba20c58cc8a6e08f9b404afa3d59a62948dd181bbb123d74a5560","blockindex":56,"blocktime":1627617748873,"txid":"6e54b99407176792c45c73628bde7a404aeb5f963fd327427691e87d716f12b7","vout":17,"walletconflicts":[],"time":1627617706145,"timereceived":1627617706145,"bip125-replaceable":"no"},{"involvesWatchonly":true,"account":"","address":"mvd6qFeVkqH6MNAS2Y2cLifbdaX5XUkbZJ","category":"receive","amount":10,"label":"","confirmations":86,"blockhash":"1031ad42ca137cf53fa85541e01222dbe85e82d1045aadcb45de94794b79c5ce","blockindex":80,"blocktime":1627606948873,"txid":"6537a294ea44bc1f7a751903215582c0ddf4ec016aff46f570cd216869d0c56d","vout":12,"walletconflicts":[],"time":1627606918970,"timereceived":1627606918970,"bip125-replaceable":"no"},{"involvesWatchonly":true,"account":"","address":"2N1SP7r92ZZJvYKG2oNtzPwYnzw62up7mTo","category":"receive","amount":4.12,"label":"","confirmations":81,"blockhash":"e2e3cb15a90c91f39ea6aba82416e3908514ef76ce1412741772a48d45b4614b","blockindex":16,"blocktime":1627609948873,"txid":"89c31b74e401c768909da59b07ae85c9705ccb2e0c5b38f36266ec2c42980fd7","vout":92,"walletconflicts":[],"time":1627609930677,"timereceived":1627609930677,"bip125-replaceable":"no"},{"involvesWatchonly":true,"account":"","address":"mjr6f8iYNWcWp7ThSS45hJvxCi62SXWGmL","category":"receive","amount":21.94627784,"label":"","confirmations":89,"blockhash":"4ededde2e45fea1396dd4974759bee6b93665139826bf5ac5984ea485376873f","blockindex":43,"blocktime":1627605148873,"txid":"12bd995b99a0af7a3a9a3b5f95f023cf4d0f79215c4eba4754cefc56e1857a0b","vout":23,"walletconflicts":[],"time":1627605116263,"timereceived":1627605116263,"bip125-replaceable":"no"},{"involvesWatchonly":true,"account":"","address":"mutrAf4usv3HKNdpLwVD4ow2oLArL6Rez8","category":"receive","amount":2.96034,"label":"","confirmations":67,"blockhash":"1bd8b991a896ce624a1bdb840466e7fb8960d334046690e528d2923e45948c4d","blockindex":11,"blocktime":1627618348873,"txid":"83e273c1dbbe849434d647e575ef1a0b7f88ef07d3fd353b48fb0736b60a3013","vout":44,"walletconflicts":[],"time":1627618300580,"timereceived":1627618300580,"bip125-replaceable":"no"},{"involvesWatchonly":true,"account":"","address":"mutrAf4usv3HKNdpLwVD4ow2oLArL6Rez8","category":"receive","amount":8.02924,"label":"","confirmations":61,"blockhash":"cf1f1fd80940426199e37a7c0b8ece69089522638f6135551ce72a0f480ad9f2","blockindex":34,"blocktime":1627621948873,"txid":"42f09297b86d793a57ae176c9fb904dce619247c76c68cd0286fac0357ed7de6","vout":53,"walletconflicts":[],"time":1627621928703,"timereceived":1627621928703,"bip125-replaceable":"no"},{"involvesWatchonly":true,"account":"","address":"mvd6qFeVkqH6MNAS2Y2cLifbdaX5XUkbZJ","category":"receive","amount":10,"label":"","confirmations":97,"blockhash":"21e595bbd3d9da0c9b40e825f756caa7f118c54ba8cc3b6cc7165427717b0f7d","blockindex":47,"blocktime":1627600348873,"txid":"706b797677090b73a8538e3f7639d58c231e80fa2c590c4dc72a1c4b2f944ed6","vout":3,"walletconflicts":[],"time":1627600329039,"timereceived":1627600329039,"bip125-replaceable":"no"},{"involvesWatchonly":true,"account":"","address":"muxu2q6v7uzsxiRLReX5XkFqCCfzke2KHK","category":"receive","amount":92.61634743,"label":"","confirmations":76,"blockhash":"5df2c67abaa7c6aacda69efdd61cf05954ba4487b2f933a092e615fefccc1da8","blockindex":56,"blocktime":1627612948873,"txid":"00f4322f3339643a63ca5680db7ba10a74a44123d4d0ced7ddf88cc0ccbbe06d","vout":20,"walletconflicts":[],"time":1627612903264,"timereceived":1627612903264,"bip125-replaceable":"no"},{"involvesWatchonly":true,"account":"","address":"mmFFG4jqAtw9MoCC88hw5FNfreQWuEHADp","category":"receive","amount":8,"label":"","confirmations":80,"blockhash":"2a03f863310fd168f891ff59c4dda1e08b2a2f1cddf206ee293d84b06d910a5f","blockindex":17,"blocktime":1627610548873,"txid":"db975a846479233ce1589731ff58f637f2f6b8f7032522a31236c461a1d9b6e9","vout":21,"walletconflicts":[],"time":1627610521870,"timereceived":1627610521870,"bip125-replaceable":"no"},{"involvesWatchonly":true,"account":"","address":"2N1SP7r92ZZJvYKG2oNtzPwYnzw62up7mTo","category":"receive","amount":6.1,"label":"","confirmations":64,"blockhash":"cb4ab520e6740b7fedc55825d837abcd7c4c7e5944d1b67feaea5a3538003223","blockindex":50,"blocktime":1627620148873,"txid":"80bcd9b0f2f7785d81e6ea297cd9dbb7502f84e998863ba36ce8640645c5ff7c","vout":10,"walletconflicts":[],"time":1627620119193,"timereceived":1627620119193,"bip125-replaceable":"no"},{"involvesWatchonly":true,"account":"","address":"mzzg8fvHXydKs8j9D2a8t7KpSXpGgAnk4n","category":"receive","amount":1.13,"label":"","confirmations":53,"blockhash":"9cc54eac2123d6b11f5036630e73373f1ac69a8b3ef6b15761676467e9a04313","blockindex":66,"blocktime":1627626748873,"txid":"f33fc562545eeae8f033922676e0e0e11387a34a7b68fb7027c708964d24e483","vout":46,"walletconflicts":[],"time":1627626712131,"timereceived":1627626712131,"bip125-replaceable":"no"},{"involvesWatchonly":true,"account":"","address":"movLCtRKrNvSHM436T3wqzERxAcgX2vres","category":"send","amount":-87.50841999,"label":"","confirmations":94,"blockhash":"f16aadfc84122cd1eda474618be0d14481876eefea154858faf25550a1dd2939","blockindex":83,"blocktime":1627602148873,"txid":"738bf51cd19aa40d7da99caa6dc89435003102025da1e4dd3e7f6171231f46b9","vout":64,"walletconflicts":[],"time":1627602109218,"timereceived":1627602109218,"bip125-replaceable":"no"}],"removed":[],"lastblock":"f40bdab26258ff30055f90214a24fc6dcea57462535077f3c5789406e0e30072"}