{"transactions":[{"involvesWatchonly":true,"account":"","address":"myAre6hq8uSDAzhmNit1fjkTeajebBzrKZ","category":"receive","amount":36.9759613,"label":"","confirmations":42,"blockhash":"ceea46e555518b0c7e858476ca2259b1ca91832ea6b35a8e135ac30d9ab7360b","blockindex":59,"blocktime":1627633348873,"txid":"dd23e0dfcc3df0e086ffc0f3662f3727fff6e10021bf0d396a7eb7c1f87dc284","vout":5,"walletconflicts":[],"time":1627633337048,"timereceived":1627633337048,"bip125-replaceable":"no"},{"involvesWatchonly":true,"account":"","address":"mzzg8fvHXydKs8j9D2a8t7KpSXpGgAnk4n","category":"receive","amount":9.19,"label":"","confirmations":2,"blockhash":"8aa7f8a5d5db094089dcbfbada744f0542e02d01d12c76c0c3ad039afa63ef5b","blockindex":41,"blocktime":1627657348873,"txid":"697c9b177ffd64ce3a9ed4814c08d95254095863f3b07867f7fe0f457c474be2","vout":9,"walletconflicts":[],"time":1627657303461,"timereceived":1627657303461,"bip125-replaceable":"no"},{"involvesWatchonly":true,"account":"","address":"mvcyJMiAcSXKAEsQxbW9TYZ369rsMG6rVV","category":"receive","amount":72.93402759,"label":"","confirmations":1,"blockhash":"f40bdab26258ff30055f90214a24fc6dcea57462535077f3c5789406e0e30072","blockindex":45,"blocktime":1627657948873,"txid":"cd38fe7278210ec1bff5a8fc15af60d34cdb6bc7e78a4ca142c67a0bd25871f6","vout":85,"walletconflicts":[],"time":1627657899060,"timereceived":1627657899060,"bip125-replaceable":"no"},{"involvesWatchonly":true,"account":"","address":"mzzg8fvHXydKs8j9D2a8t7KpSXpGgAnk4n","category":"receive","amount":6.41,"label":"","confirmations":54,"blockhash":"9bfcbbf6ed1c45ce40af4064f090ea895117c8d6039292971c2dc5da75d6234d","blockindex":61,"blocktime":1627626148873,"txid":"43018a4a75762588d323341663b4dd805b74bf04424365e47980d5cfc5e3eb38","vout":38,"walletconflicts":[],"time":1627626106770,"timereceived":1627626106770,"bip125-replaceable":"no"},{"involvesWatchonly":true,"account":"","address":"mo7cgeBULp3s1E87PFKRAJ8GUWWLMghtci","category":"send","amount":-59.00443678,"label":"","confirmations":55,"blockhash":"efbe824e87efde591d29671c468d2216d54caa9f601002270f55577eb941fb0c","blockindex":41,"blocktime":1627625548873,"txid":"5860adddb8b352381176bd062dab082638f36a1b8427ea3127751e74077797c6","vout":46,"walletconflicts":[],"time":1627625526937,"timereceived":1627625526937,"bip125-replaceable":"no"},{"involvesWatchonly":true,"account":"","address":"mutrAf4usv3HKNdpLwVD4ow2oLArL6Rez8","category":"receive","amount":9.59358,"label":"","confirmations":9,"blockhash":"a2250e2bb34a120ffdf48fbe78eefbb3175224df9892ac5ea6bd92dd9fe27416","blockindex":33,"blocktime":1627653148873,"txid":"d3ddca959ec3d794de0b56a72fc903ddbdb29e77189bc3eb386c81adce83c77c","vout":54,"walletconflicts":[],"time":1627653127519,"timereceived":1627653127519,"bip125-replaceable":"no"},{"involvesWatchonly":true,"account":"","address":"mzzg8fvHXydKs8j9D2a8t7KpSXpGgAnk4n","category":"receive","amount":2.49,"label":"","confirmations":54,"blockhash":"9bfcbbf6ed1c45ce40af4064f090ea895117c8d6039292971c2dc5da75d6234d","blockindex":25,"blocktime":1627626148873,"txid":"d9da3927d0cb8846371cc8ab85d0370ee2bfa766984aa14db7e6087ba7777f89","vout":8,"walletconflicts":[],"time":1627626120527,"timereceived":1627626120527,"bip125-replaceable":"no"},{"involvesWatchonly":true,"account":"","address":"mmFFG4jqAtw9MoCC88hw5FNfreQWuEHADp","category":"receive","amount":1,"label":"","confirmations":1,"blockhash":"f40bdab26258ff30055f90214a24fc6dcea57462535077f3c5789406e0e30072","blockindex":89,"blocktime":1627657948873,"txid":"3a9be6d72624be1ab2bfda2c55a0f097d409294fb65536165d51ec40b83fe256","vout":21,"walletconflicts":[],"time":1627657906161,"timereceived":1627657906161,"bip125-replaceable":"no"},{"involvesWatchonly":true,"account":"","address":"mmFFG4jqAtw9MoCC88hw5FNfreQWuEHADp","category":"receive","amount":1,"label":"","confirmations":3,"blockhash":"397fe1b9e34cee9e74b53e7f03ca1c4af4cbbee68198e954403a05f4a156993c","blockindex":96,"blocktime":1627656748873,"txid":"129615d4c5f30076083a910df1483632a6f2d9745896d9c01c2a483400098c4d","vout":32,"walletconflicts":[],"time":1627656734335,"timereceived":1627656734335,"bip125-replaceable":"no"},{"involvesWatchonly":true,"account":"","address":"mtg5sx86mSKWBigTki911ToiLP3YAMgtuE","category":"send","amount":-48.20362364,"label":"","confirmations":6,"blockhash":"083d5ba9a4bf2303fcbdb488dbf669a0c10934f6214de6a0824d6b7fbe6cb824","blockindex":84,"blocktime":1627654948873,"txid":"08d5c9c373c1d94ec0cb0a207da765e3a0bf191443a982f28b379f79d27a73bb","vout":84,"walletconflicts":[],"time":1627654902850,"timereceived":1627654902850,"bip125-replaceable":"no"},{"involvesWatchonly":true,"account":"","address":"msAA1KHK1m2F9eQ7U5hxX9VQJ8wokbujw3","category":"send","amount":-91.04626744,"label":"","confirmations":29,"blockhash":"9802b0f218613b9b7086bc590042a77c5c117fe083d46e6b076255a385fec1ba","blockindex":75,"blocktime":1627641148873,"txid":"61084022942f780ef4dbfa6fcb96950250314852dae164417a974e2db99778e0","vout":57,"walletconflicts":[],"time":1627641131087,"timereceived":1627641131087,"bip125-replaceable":"no"},{"involvesWatchonly":true,"account":"","address":"mgEKePSPD6NF8GTjpWjsgWYqDP9MTxpqmN","category":"send","amount":-38.55545093,"label":"","confirmations":32,"blockhash":"3cdb7fe6290099bff6852211b07029aeb5fa1cb0b3dde9ec7f90899f2a4c097b","blockindex":80,"blocktime":1627639348873,"txid":"6a8068c75955fc1d9cbfc2017f2f6b69e1e6bcd3eb6d513574d1b2753bbe6152","vout":68,"walletconflicts":[],"time":1627639314019,"timereceived":1627639314019,"bip125-replaceable":"no"},{"involvesWatchonly":true,"account":"","address":"miTHhiX3iFhVnAEecLjybxvV5g8mKYTtnM","category":"receive","amount":58.24227705,"label":"","confirmations":-4,"blockhash":"f6ed8dc09bf833410148cd0392f8a1d9a26c7096d324cb263886b0d542248a0d","blockindex":7,"blocktime":1627656148873,"txid":"d4adbc0ad8ae00073c8cb14ab1dd96c5519d427056d6674c90a9be5b28296876","vout":73,"walletconflicts":[],"time":1627656132342,"timereceived":1627656132342,"bip125-replaceable":"no"},{"involvesWatchonly":true,"account":"","address":"miTHhiX3iFhVnAEecLjybxvV5g8mKYTtnM","category":"receive","amount":55.74802686,"label":"","confirmations":-4,"blockhash":"69219920ddd5daac48064cbfe68e5de8440c34f164815071521544dab49b6e3b","blockindex":27,"blocktime":1627656148873,"txid":"26ea5338d19a4013a26fde9b20b853830fd418d6511058c06a30e426b4e92ca2","vout":17,"walletconflicts":[],"time":1627656128191,"timereceived":1627656128191,"bip125-replaceable":"no"},{"involvesWatchonly":true,"account":"","address":"mzzg8fvHXydKs8j9D2a8t7KpSXpGgAnk4n","category":"receive","amount":9.28,"label":"","confirmations":2,"blockhash":"8aa7f8a5d5db094089dcbfbada744f0542e02d01d12c76c0c3ad039afa63ef5b","blockindex":38,"blocktime":1627657348873,"txid":"c9172e8560a1ae0a6a8eff9738d21f5631e6f785b75aeea692c177b25288330c","vout":63,"walletconflicts":[],"time":1627657321229,"timereceived":1627657321229,"bip125-replaceable":"no"},{"involvesWatchonly":true,"account":"","address":"muZwfkr6gVZ9UFYV87DGeGNZ2MDcFHQH1n","category":"send","amount":-19.94540485,"label":"","confirmations":17,"blockhash":"2e382e2d5ab9d85c808271c6b7ca7c9fe84570487d47e8dd048322242fb511fe","blockindex":3,"blocktime":1627648348873,"txid":"06c790fba76ec771c289a6e9d7ca11c8e26934634d2f669eac218da076643fb8","vout":85,"walletconflicts":[],"time":1627648333306,"timereceived":1627648333306,"bip125-replaceable":"no"},{"involvesWatchonly":true,"account":"","address":"mutrAf4usv3HKNdpLwVD4ow2oLArL6Rez8","category":"receive","amount":7.64663,"label":"","confirmations":5,"blockhash":"9bb2d106fe6c3c41635e16875462e42599814bf0148e455f8e1b9c975cc1bacc","blockindex":98,"blocktime":1627655548873,"txid":"48d58b6e7aea61c8815adb702c62c237f51189744e1113c284ba93748c8a5c6c","vout":41,"walletconflicts":[],"time":1627655526097,"timereceived":1627655526097,"bip125-replaceable":"no"},{"involvesWatchonly":true,"account":"","address":"miTHhiX3iFhVnAEecLjybxvV5g8mKYTtnM","category":"receive","amount":67.31119704,"label":"","confirmations":3,"blockhash":"397fe1b9e34cee9e74b53e7f03ca1c4af4cbbee68198e954403a05f4a156993c","blockindex":32,"blocktime":1627656748873,"txid":"d72ddf736bf9e4ae2c2f542ed6df554d347b2ee6be298a2e7817034d3fc26329","vout":92,"walletconflicts":[],"time":1627656735683,"timereceived":1627656735683,"bip125-replaceable":"no"},{"involvesWatchonly":true,"account":"","address":"mi6uzSUpUXEufYkaE81M2YQ6iwj9FXCaoC","category":"receive","amount":93.91710954,"label":"","confirmations":27,"blockhash":"6d9ca3e62f9f2e84d6063b38e6dec0670db0e77ec920b03446fc529a34afd2a5","blockindex":75,"blocktime":1627642348873,"txid":"6dbae817245b32d34eb16e4e19625cdffb5438961d3d77871bfe6cdda44d2b70","vout":91,"walletconflicts":[],"time":1627642326960,"timereceived":1627642326960,"bip125-replaceable":"no"},{"involvesWatchonly":true,"account":"","address":"n2ioMwZRp9trLgQtZFaa1WnJCxofMuTxam","category":"send","amount":-37.31136303,"label":"","confirmations":17,"blockhash":"2e382e2d5ab9d85c808271c6b7ca7c9fe84570487d47e8dd048322242fb511fe","blockindex":73,"blocktime":1627648348873,"txid":"c4264f8d95f989dd8efa4c742f1e471d19c2befe78484cc266397ebbccbf0d6b","vout":23,"walletconflicts":[],"time":1627648316157,"timereceived":1627648316157,"bip125-replaceable":"no"},{"involvesWatchonly":true,"account":"","address":"mzzg8fvHXydKs8j9D2a8t7KpSXpGgAnk4n","category":"receive","amount":0.05,"label":"","confirmations":52,"blockhash":"4cc1dd2d2a7e0e959fadd7af92eb46da239bea6d5dd1fc6b9899b9618206d266","blockindex":40,"blocktime":1627627348873,"txid":"a68d1e64d8b052de2fe5bcba32bc4f7a50f202e1918e849648c97392ec5c84bb","vout":92,"walletconflicts":[],"time":1627627319462,"timereceived":1627627319462,"bip125-replaceable":"no"},{"involvesWatchonly":true,"account":"","address":"mzzg8fvHXydKs8j9D2a8t7KpSXpGgAnk4n","category":"receive","amount":7.01,"label":"","confirmations":4,"blockhash":"98102c63c2d76f0fe360b7db44e205bb21c4cd6ed4bd6f32fb4bcf442fe82f75","blockindex":13,"blocktime":1627656148873,"txid":"a73213f5d258a4676ce2b6faacfc67818ef17a2e426c95d387523de054187efa","vout":12,"walletconflicts":[],"time":1627656137891,"timereceived":1627656137891,"bip125-replaceable":"no"},{"involvesWatchonly":true,"account":"","address":"miTHhiX3iFhVnAEecLjybxvV5g8mKYTtnM","category":"receive","amount":37.58192141,"label":"","confirmations":3,"blockhash":"397fe1b9e34cee9e74b53e7f03ca1c4af4cbbee68198e954403a05f4a156993c","blockindex":88,"blocktime":1627656748873,"txid":"67e153e2a74a9ca1b5e287d31ab5b8c735679c50f3d824807b4f938fdac96cb2","vout":60,"walletconflicts":[],"time":1627656721683,"timereceived":1627656721683,"bip125-replaceable":"no"},{"involvesWatchonly":true,"account":"","address":"mutrAf4usv3HKNdpLwVD4ow2oLArL6Rez8","category":"receive","amount":1.63041,"label":"","confirmations":3,"blockhash":"397fe1b9e34cee9e74b53e7f03ca1c4af4cbbee68198e954403a05f4a156993c","blockindex":37,"blocktime":1627656748873,"txid":"6725fc859d9c65144f1a00749597707ee60baa2b4fd8ac8d80434e322a614e7f","vout":91,"walletconflicts":[],"time":1627656734997,"timereceived":1627656734997,"bip125-replaceable":"no"},{"involvesWatchonly":true,"account":"","address":"2N1SP7r92ZZJvYKG2oNtzPwYnzw62up7mTo","category":"receive","amount":1.84,"label":"","confirmations":3,"blockhash":"397fe1b9e34cee9e74b53e7f03ca1c4af4cbbee68198e954403a05f4a156993c","blockindex":67,"blocktime":1627656748873,"txid":"53053de594fb8a30342bc8e48716f54c369a3fd731c45b5adad6fcaab6f4d3cf","vout":94,"walletconflicts":[],"time":1627656737335,"timereceived":1627656737335,"bip125-replaceable":"no"},{"involvesWatchonly":true,"account":"","address":"mzzg8fvHXydKs8j9D2a8t7KpSXpGgAnk4n","category":"receive","amount":6.56,"label":"","confirmations":3,"blockhash":"397fe1b9e34cee9e74b53e7f03ca1c4af4cbbee68198e954403a05f4a156993c","blockindex":20,"blocktime":1627656748873,"txid":"79d68271677af3aa9f03e5ea983399a86d5617662ab123518b4867ccef3a6ba0","vout":13,"walletconflicts":[],"time":1627656720770,"timereceived":1627656720770,"bip125-replaceable":"no"},{"involvesWatchonly":true,"account":"","address":"mvcyJMiAcSXKAEsQxbW9TYZ369rsMG6rVV","category":"receive","amount":84.12709722,"label":"","confirmations":1,"blockhash":"f40bdab26258ff30055f90214a24fc6dcea57462535077f3c5789406e0e30072","blockindex":98,"blocktime":1627657948873,"txid":"2468da0c31bfa7a8e7fa581c6f6d2c5744f19f4750ce1b8d17eac0b494f5d67e","vout":44,"walletconflicts":[],"time":1627657911023,"timereceived":1627657911023,"bip125-replaceable":"no"},{"involvesWatchonly":true,"account":"","address":"mmFFG4jqAtw9MoCC88hw5FNfreQWuEHADp","category":"receive","amount":4,"label":"","confirmations":5,"blockhash":"9bb2d106fe6c3c41635e16875462e42599814bf0148e455f8e1b9c975cc1bacc","blockindex":80,"blocktime":1627655548873,"txid":"a4ddcbd4df3301c208989a1aaf7a605af160aa6ac09be3d7abe5507e8b8ee892","vout":75,"walletconflicts":[],"time":1627655506521,"timereceived":1627655506521,"bip125-replaceable":"no"},{"involvesWatchonly":true,"account":"","address":"miTHhiX3iFhVnAEecLjybxvV5g8mKYTtnM","category":"receive","amount":1e-7,"label":"","confirmations":9,"blockhash":"a2250e2bb34a120ffdf48fbe78eefbb3175224df9892ac5ea6bd92dd9fe27416","blockindex":35,"blocktime":1627653148873,"txid":"d7d10c715c2b4864378ff618985c5e3c522186cb701ee702e941d268456e304d","vout":11,"walletconflicts":[],"time":1627653113390,"timereceived":1627653113390,"bip125-replaceable":"no"},{"involvesWatchonly":true,"account":"","address":"mvcyJMiAcSXKAEsQxbW9TYZ369rsMG6rVV","category":"receive","amount":79.76077987,"label":"","confirmations":16,"blockhash":"5f67a1a4a9c47a8f04019dc7ef0af842d3be7c306edc7cdfc6667755f47ee32b","blockindex":4,"blocktime":1627648948873,"txid":"3240a6f354f5a76c5e26ec0c389cc777ceab0664ca57af82d6db21051584a97b","vout":5,"walletconflicts":[],"time":1627648933090,"timereceived":1627648933090,"bip125-replaceable":"no"},{"involvesWatchonly":true,"account":"","address":"miTHhiX3iFhVnAEecLjybxvV5g8mKYTtnM","category":"receive","amount":97.06479731,"label":"","confirmations":35,"blockhash":"9e0d74a4a8955472e3120c3478475c7b71ea35aa8336eb2853a92e14d3a804c1","blockindex":86,"blocktime":1627637548873,"txid":"45913a91aed6a649ddc046158b036b8820b990b239b4eff2ae57e93cbd2724ca","vout":87,"walletconflicts":[],"time":1627637524906,"timereceived":1627637524906,"bip125-replaceable":"no"},{"involvesWatchonly":true,"account":"","address":"mstWcePjcNAuNLgueoo94RAAT3PU5XrNrs","category":"send","amount":-29.75937396,"label":"","confirmations":21,"blockhash":"7665ced31fa76b908bd749e3d4832c36e199e9e908a7bf612d7deb12df68db06","blockindex":19,"blocktime":1627645948873,"txid":"dd82beb986941010af3ece3401b7196d04eb6194ba8c6285e1ce7a9d4acf19bb","vout":60,"walletconflicts":[],"time":1627645927744,"timereceived":1627645927744,"bip125-replaceable":"no"},{"involvesWatchonly":true,"account":"","address":"mzzg8fvHXydKs8j9D2a8t7KpSXpGgAnk4n","category":"receive","amount":5.77,"label":"","confirmations":1,"blockhash":"f40bdab26258ff30055f90214a24fc6dcea57462535077f3c5789406e0e30072","blockindex":76,"blocktime":1627657948873,"txid":"b37da6624680c64cb3be3adb9f98b44b6f26e341c8e7864f7a35310b16bf8eab","vout":1,"walletconflicts":[],"time":1627657926204,"timereceived":1627657926204,"bip125-replaceable":"no"},{"involvesWatchonly":true,"account":"","address":"miTHhiX3iFhVnAEecLjybxvV5g8mKYTtnM","category":"receive","amount":60.90355643,"label":"","confirmations":41,"blockhash":"aa5d762a8c03ad90518a612057f87572eab4e137096546e05f8b682977c3acdb","blockindex":90,"blocktime":1627633948873,"txid":"2b962709496771c500ed287b7ac1d408fa4c4308303d6256117c7ee09635b2c9","vout":77,"walletconflicts":[],"time":1627633925673,"timereceived":1627633925673,"bip125-replaceable":"no"},{"involvesWatchonly":true,"account":"","address":"miTHhiX3iFhVnAEecLjybxvV5g8mKYTtnM","category":"receive","amount":96.07460704,"label":"","confirmations":7,"blockhash":"228a5c61ce43ee70bb61c85d7dbb550ec14068818f64d2f2e3d768476cc0717f","blockindex":41,"blocktime":1627654348873,"txid":"317b2c7abb5b00f2282627d6cf20d7fe683e1d6e480db27273f5822cf345e8ca","vout":12,"walletconflicts":[],"time":1627654334993,"timereceived":1627654334993,"bip125-replaceable":"no"},{"involvesWatchonly":true,"account":"","address":"mutrAf4usv3HKNdpLwVD4ow2oLArL6Rez8","category":"receive","amount":3.05389,"label":"","confirmations":27,"blockhash":"6d9ca3e62f9f2e84d6063b38e6dec0670db0e77ec920b03446fc529a34afd2a5","blockindex":41,"blocktime":1627642348873,"txid":"5b99b348f5389d1fdcaeb0c9eb36dcade0eaf349467d41c17046fbb3507341d0","vout":45,"walletconflicts":[],"time":1627642328577,"timereceived":1627642328577,"bip125-replaceable":"no"},{"involvesWatchonly":true,"account":"","address":"mmFFG4jqAtw9MoCC88hw5FNfreQWuEHADp","category":"receive","amount":2,"label":"","confirmations":3,"blockhash":"397fe1b9e34cee9e74b53e7f03ca1c4af4cbbee68198e954403a05f4a156993c","blockindex":66,"blocktime":1627656748873,"txid":"18dbcf1b665f2c16f480ae000d1d3bf59b69d2a0726bc6d2cbf47196e4485956","vout":90,"walletconflicts":[],"time":1627656701346,"timereceived":1627656701346,"bip125-replaceable":"no"},{"involvesWatchonly":true,"account":"","address":"miTHhiX3iFhVnAEecLjybxvV5g8mKYTtnM","category":"receive","amount":16.51197294,"label":"","confirmations":5,"blockhash":"9bb2d106fe6c3c41635e16875462e42599814bf0148e455f8e1b9c975cc1bacc","blockindex":87,"blocktime":1627655548873,"txid":"a4a97aac3443417faba06fb91eaa1192b2bf49b0077c92dbba2ad7c6ebc42a27","vout":42,"walletconflicts":[],"time":1627655515996,"timereceived":1627655515996,"bip125-replaceable":"no"},{"involvesWatchonly":true,"account":"","address":"2N1SP7r92ZZJvYKG2oNtzPwYnzw62up7mTo","category":"receive","amount":5.18,"label":"","confirmations":1,"blockhash":"f40bdab26258ff30055f90214a24fc6dcea57462535077f3c5789406e0e30072","blockindex":34,"blocktime":1627657948873,"txid":"66922e284e2171a9a800f06bbcf9cd388840d88e88930ebf8e56f35ee642a9c8","vout":16,"walletconflicts":[],"time":1627657914930,"timereceived":1627657914930,"bip125-replaceable":"no"},{"involvesWatchonly":true,"account":"","address":"miTHhiX3iFhVnAEecLjybxvV5g8mKYTtnM","category":"receive","amount":72.18239758,"label":"","confirmations":-4,"blockhash":"1a0c922803eb04e02a463b56f564bb7be303fa312166849b174efd40d160ec2e","blockindex":6,"blocktime":1627656148873,"txid":"55d9964cacbea5f975b85eed576ba8c823ecf7163af1bb96213502f2a489d647","vout":35,"walletconflicts":[],"time":1627656102176,"timereceived":1627656102176,"bip125-replaceable":"no"},{"involvesWatchonly":true,"account":"","address":"mvcyJMiAcSXKAEsQxbW9TYZ369rsMG6rVV","category":"receive","amount":99.61064066,"label":"","confirmations":48,"blockhash":"0c3f10bdf263dacd93c9f5916db826e975c53fc3267a23c1699b8f6f42918ff6","blockindex":19,"blocktime":1627629748873,"txid":"82c627373f0a46c71d005ad8aad9ed7fbf1eab6cf6a1769a52093cf9d7736856","vout":58,"walletconflicts":[],"time":1627629726647,"timereceived":1627629726647,"bip125-replaceable":"no"},{"involvesWatchonly":true,"account":"","address":"mmFFG4jqAtw9MoCC88hw5FNfreQWuEHADp","category":"receive","amount":8,"label":"","confirmations":5,"blockhash":"9bb2d106fe6c3c41635e16875462e42599814bf0148e455f8e1b9c975cc1bacc","blockindex":77,"blocktime":1627655548873,"txid":"123ba727499942072feb512f95f615e38a73d2cac208944b4ffc833f63cf286b","vout":45,"walletconflicts":[],"time":1627655516007,"timereceived":1627655516007,"bip125-replaceable":"no"},{"involvesWatchonly":true,"account":"","address":"n2Q8c5GyKrBDyyu1ycTeWnnPsdLeyF6C28","category":"send","amount":-3.51362703,"label":"","confirmations":34,"blockhash":"750d4df374049e61240d3ad2bb889b9a8e24173a667dbca46c1c0e4a35e0eeae","blockindex":89,"blocktime":1627638148873,"txid":"b17fff7f1ceda2c420ac59bde224e732d15dbf94b4b0024c2ba3d0e826117598","vout":53,"walletconflicts":[],"time":1627638103856,"timereceived":1627638103856,"bip125-replaceable":"no"},{"involvesWatchonly":true,"account":"","address":"mmFFG4jqAtw9MoCC88hw5FNfreQWuEHADp","category":"receive","amount":1,"label":"","confirmations":4,"blockhash":"98102c63c2d76f0fe360b7db44e205bb21c4cd6ed4bd6f32fb4bcf442fe82f75","blockindex":41,"blocktime":1627656148873,"txid":"2600c24ffa9edb3bd2895441687c77c785c99bde5abb92a5e5a2d655d87582ff","vout":69,"walletconflicts":[],"time":1627656129478,"timereceived":1627656129478,"bip125-replaceable":"no"},{"involvesWatchonly":true,"account":"","address":"2N1SP7r92ZZJvYKG2oNtzPwYnzw62up7mTo","category":"receive","amount":6.09,"label":"","confirmations":1,"blockhash":"f40bdab26258ff30055f90214a24fc6dcea57462535077f3c5789406e0e30072","blockindex":73,"blocktime":1627657948873,"txid":"a17c73216dbac63a755b6092db4a74f705aade5f04ccbdcb81a459556a4f3e2a","vout":15,"walletconflicts":[],"time":1627657919139,"timereceived":1627657919139,"bip125-replaceable":"no"},{"involvesWatchonly":true,"account":"","address":"n2pzbd51D3x3yXM1z8T9UvHoygMXoDX3T4","category":"receive","amount":32.47504722,"label":"","confirmations":25,"blockhash":"d4317d58e8a0c5f8288c9c8d470cf33d313c5c85738017e1c29c8907e219dd57","blockindex":26,"blocktime":1627643548873,"txid":"1d1fc674d37f92c1fa10ed23eafdd43470dacb3370ce658204ff3c64fccd830e","vout":37,"walletconflicts":[],"time":1627643530575,"timereceived":1627643530575,"bip125-replaceable":"no"},{"involvesWatchonly":true,"account":"","address":"mmFFG4jqAtw9MoCC88hw5FNfreQWuEHADp","category":"receive","amount":3,"label":"","confirmations":2,"blockhash":"8aa7f8a5d5db094089dcbfbada744f0542e02d01d12c76c0c3ad039afa63ef5b","blockindex":42,"blocktime":1627657348873,"txid":"c7831110be3f90431b58a8a56cc9cce322d7684677048a887f4776887ebcfb76","vout":93,"walletconflicts":[],"time":1627657301118,"timereceived":1627657301118,"bip125-replaceable":"no"},{"involvesWatchonly":true,"account":"","address":"mgaqtcwPX4AzYjapaZgWpujVoSqL3waXdc","category":"receive","amount":199.22128132,"label":"","confirmations":4,"blockhash":"98102c63c2d76f0fe360b7db44e205bb21c4cd6ed4bd6f32fb4bcf442fe82f75","blockindex":0,"blocktime":1627656148873,"txid":"65bb0a13a455b08f0d668f99187b99d0179371573eb94d5f2f43ccfcad5f79e0","vout":97,"walletconflicts":[],"time":1627656100166,"timereceived":1627656100166,"bip125-replaceable":"no"},{"involvesWatchonly":true,"account":"","address":"mgA5rCr9xqmJW9x9KP11jkgAJfDzvZKuQA","category":"receive","amount":11.12906751,"label":"","confirmations":32,"blockhash":"3cdb7fe6290099bff6852211b07029aeb5fa1cb0b3dde9ec7f90899f2a4c097b","blockindex":60,"blocktime":1627639348873,"txid":"d0e6b572821121775c6feb03e6c7a604b15cf6f3edeec732fdce6a042428fc28","vout":94,"walletconflicts":[],"time":1627639308435,"timereceived":1627639308435,"bip125-replaceable":"no"},{"involvesWatchonly":true,"account":"","address":"miTHhiX3iFhVnAEecLjybxvV5g8mKYTtnM","category":"receive","amount":19.90119279,"label":"","confirmations":-1,"blockhash":"918bb31d0dec294e4c0883f97198ec68859898c3ff29baed35aa3d0d68100c88","blockindex":70,"blocktime":1627657948873,"txid":"89c73b6209295090d6c0bb98b0373e089f8132038b4c6681a46e68c5a4207cbd","vout":43,"walletconflicts":[],"time":1627657910721,"timereceived":1627657910721,"bip125-replaceable":"no"},{"involvesWatchonly":true,"account":"","address":"mzzg8fvHXydKs8j9D2a8t7KpSXpGgAnk4n","category":"receive","amount":1.75,"label":"","confirmations":2,"blockhash":"8aa7f8a5d5db094089dcbfbada744f0542e02d01d12c76c0c3ad039afa63ef5b","blockindex":83,"blocktime":1627657348873,"txid":"7b370b529d9c271f0c78c52f0cdce53b104ddc8bb5a0df20771734d7a27b3dca","vout":18,"walletconflicts":[],"time":1627657329989,"timereceived":1627657329989,"bip125-replaceable":"no"},{"involvesWatchonly":true,"account":"","address":"miTHhiX3iFhVnAEecLjybxvV5g8mKYTtnM","category":"receive","amount":83.08117792,"label":"","confirmations":38,"blockhash":"ec560cc2c5d5e993b612f378dd1c521a327419de92924fd101283b416079e974","blockindex":87,"blocktime":1627635748873,"txid":"135712682045119e9979ee9ea942795be36fedbf039ea573b9f906cb61ff8ed3","vout":61,"walletconflicts":[],"time":1627635705053,"timereceived":1627635705053,"bip125-replaceable":"no"},{"involvesWatchonly":true,"account":"","address":"mmFFG4jqAtw9MoCC88hw5FNfreQWuEHADp","category":"receive","amount":3,"label":"","confirmations":1,"blockhash":"f40bdab26258ff30055f90214a24fc6dcea57462535077f3c5789406e0e30072","blockindex":2,"blocktime":1627657948873,"txid":"be6c05c76e668aa7ad91fdd16acbc016923ab5eba3666e7d426d2978888a9657","vout":93,"walletconflicts":[],"time":1627657915012,"timereceived":1627657915012,"bip125-replaceable":"no"},{"involvesWatchonly":true,"account":"","address":"mzzg8fvHXydKs8j9D2a8t7KpSXpGgAnk4n","category":"receive","amount":6.77,"label":"","confirmations":54,"blockhash":"9bfcbbf6ed1c45ce40af4064f090ea895117c8d6039292971c2dc5da75d6234d","blockindex":22,"blocktime":1627626148873,"txid":"47febf4b5058b82d3863a41873d6759a466483b8a0a1968c71aa724f56261482","vout":78,"walletconflicts":[],"time":1627626114131,"timereceived":1627626114131,"bip125-replaceable":"no"},{"involvesWatchonly":true,"account":"","address":"mzzg8fvHXydKs8j9D2a8t7KpSXpGgAnk4n","category":"receive","amount":6.12,"label":"","confirmations":5,"blockhash":"9bb2d106fe6c3c41635e16875462e42599814bf0148e455f8e1b9c975cc1bacc","blockindex":74,"blocktime":1627655548873,"txid":"d95191b17b873f6587a41c10cf1824236148638ed7c4062663ab0d7664e86146","vout":16,"walletconflicts":[],"time":1627655525571,"timereceived":1627655525571,"bip125-replaceable":"no"},{"involvesWatchonly":true,"account":"","address":"n38WL8p2fa3BpJDnMUXQfvdizPTWuwbPg9","category":"receive","amount":65.03828679,"label":"","confirmations":9,"blockhash":"a2250e2bb34a120ffdf48fbe78eefbb3175224df9892ac5ea6bd92dd9fe27416","blockindex":36,"blocktime":1627653148873,"txid":"5ebc9939fece09946fd161d5f67bb6b6088463ed287249dcaa5d50b5445bdaca","vout":66,"walletconflicts":[],"time":1627653117766,"timereceived":1627653117766,"bip125-replaceable":"no"},{"involvesWatchonly":true,"account":"","address":"mvcyJMiAcSXKAEsQxbW9TYZ369rsMG6rVV","category":"receive","amount":9.20434325,"label":"","confirmations":1,"blockhash":"f40bdab26258ff30055f90214a24fc6dcea57462535077f3c5789406e0e30072","blockindex":61,"blocktime":1627657948873,"txid":"d3b7e17eb4d17eabcb6692dd6cc71144142c293b4b893f8aba23f38fbcf0b902","vout":35,"walletconflicts":[],"time":1627657908538,"timereceived":1627657908538,"bip125-replaceable":"no"},{"involvesWatchonly":true,"account":"","address":"miTHhiX3iFhVnAEecLjybxvV5g8mKYTtnM","category":"receive","amount":43.42736462,"label":"","confirmations":2,"blockhash":"8aa7f8a5d5db094089dcbfbada744f0542e02d01d12c76c0c3ad039afa63ef5b","blockindex":14,"blocktime":1627657348873,"txid":"66a43a4759c78ff26f7920e40ae002043ca3a6cf568a431e7fa04c05a8d073db","vout":16,"walletconflicts":[],"time":1627657329472,"timereceived":1627657329472,"bip125-replaceable":"no"},{"involvesWatchonly":true,"account":"","address":"mmFFG4jqAtw9MoCC88hw5FNfreQWuEHADp","category":"receive","amount":3,"label":"","confirmations":4,"blockhash":"98102c63c2d76f0fe360b7db44e205bb21c4cd6ed4bd6f32fb4bcf442fe82f75","blockindex":68,"blocktime":1627656148873,"txid":"9a62fb03d870f8bebd127ebb36f5542bfefdc132fbeb14ea13a4a788dd625d04","vout":56,"walletconflicts":[],"time":1627656137974,"timereceived":1627656137974,"bip125-replaceable":"no"},{"involvesWatchonly":true,"account":"","address":"mzzg8fvHXydKs8j9D2a8t7KpSXpGgAnk4n","category":"receive","amount":7.79,"label":"","confirmations":2,"blockhash":"8aa7f8a5d5db094089dcbfbada744f0542e02d01d12c76c0c3ad039afa63ef5b","blockindex":71,"blocktime":1627657348873,"txid":"a364f147a0cc7de09ffff67c316edffe310e5642b5285d6206f8bb2a43d50000","vout":82,"walletconflicts":[],"time":1627657320408,"timereceived":1627657320408,"bip125-replaceable":"no"},{"involvesWatchonly":true,"account":"","address":"mmFFG4jqAtw9MoCC88hw5FNfreQWuEHADp","category":"receive","amount":4,"label":"","confirmations":2,"blockhash":"8aa7f8a5d5db094089dcbfbada744f0542e02d01d12c76c0c3ad039afa63ef5b","blockindex":84,"blocktime":1627657348873,"txid":"a96bfe9e76f380df06955a61fefa4388c92f559a121bd35bdacdabacff863c79","vout":98,"walletconflicts":[],"time":1627657334362,"timereceived":1627657334362,"bip125-replaceable":"no"},{"involvesWatchonly":true,"account":"","address":"miTHhiX3iFhVnAEecLjybxvV5g8mKYTtnM","category":"receive","amount":20.52061456,"label":"","confirmations":-1,"blockhash":"b80a43c9adddc8658ae8efc597b9806208b57c18fa3b1f547b22cb46e993adc0","blockindex":75,"blocktime":1627657948873,"txid":"147a41656bdd147ba496a14be8ba54c4e4dcf486e5f0c2fca8bc58b3f449e9f2","vout":16,"walletconflicts":[],"time":1627657907342,"timereceived":1627657907342,"bip125-replaceable":"no"},{"involvesWatchonly":true,"account":"","address":"mutrAf4usv3HKNdpLwVD4ow2oLArL6Rez8","category":"receive","amount":2.18746,"label":"","confirmations":4,"blockhash":"98102c63c2d76f0fe360b7db44e205bb21c4cd6ed4bd6f32fb4bcf442fe82f75","blockindex":63,"blocktime":1627656148873,"txid":"d91ffca8a2c1a9e455110d76e20a3a815c29f1a1a0046c89045ee6f911a6f255","vout":74,"walletconflicts":[],"time":1627656128911,"timereceived":1627656128911,"bip125-replaceable":"no"},{"involvesWatchonly":true,"account":"","address":"miTHhiX3iFhVnAEecLjybxvV5g8mKYTtnM","category":"receive","amount":87.45997763,"label":"","confirmations":42,"blockhash":"ceea46e555518b0c7e858476ca2259b1ca91832ea6b35a8e135ac30d9ab7360b","blockindex":97,"blocktime":1627633348873,"txid":"5faf41fcdf4da94424f013dd597b92254d0c50ee01a50f2d70f5e82c9d71098b","vout":5,"walletconflicts":[],"time":1627633328995,"timereceived":1627633328995,"bip125-replaceable":"no"},{"involvesWatchonly":true,"account":"","address":"mzzg8fvHXydKs8j9D2a8t7KpSXpGgAnk4n","category":"receive","amount":2.23,"label":"","confirmations":5,"blockhash":"9bb2d106fe6c3c41635e16875462e42599814bf0148e455f8e1b9c975cc1bacc","blockindex":90,"blocktime":1627655548873,"txid":"062d0ccd84fefbacefd83c89226450cb3caf0a3a1c49da1beef62b41548f5b4f","vout":14,"walletconflicts":[],"time":1627655529418,"timereceived":1627655529418,"bip125-replaceable":"no"},{"involvesWatchonly":true,"account":"","address":"mmFFG4jqAtw9MoCC88hw5FNfreQWuEHADp","category":"receive","amount":2,"label":"","confirmations":1,"blockhash":"f40bdab26258ff30055f90214a24fc6dcea57462535077f3c5789406e0e30072","blockindex":30,"blocktime":1627657948873,"txid":"87639d570f6e8ba118001ecf7bffc6074e730c7f8199f90d1f081ab287619cd1","vout":80,"walletconflicts":[],"time":1627657912823,"timereceived":1627657912823,"bip125-replaceable":"no"},{"involvesWatchonly":true,"account":"","address":"mzzg8fvHXydKs8j9D2a8t7KpSXpGgAnk4n","category":"receive","amount":0.3,"label":"","confirmations":53,"blockhash":"9cc54eac2123d6b11f5036630e73373f1ac69a8b3ef6b15761676467e9a04313","blockindex":86,"blocktime":1627626748873,"txid":"d495a9e83469d0defaffb49aec2e051f5a4baab682ee11e8834230e7f17c98bd","vout":68,"walletconflicts":[],"time":1627626710014,"timereceived":1627626710014,"bip125-replaceable":"no"},{"involvesWatchonly":true,"account":"","address":"mzzg8fvHXydKs8j9D2a8t7KpSXpGgAnk4n","category":"receive","amount":1.68,"label":"","confirmations":4,"blockhash":"98102c63c2d76f0fe360b7db44e205bb21c4cd6ed4bd6f32fb4bcf442fe82f75","blockindex":29,"blocktime":1627656148873,"txid":"45e9b9c6c316825bad807ded1543f46b10e4709249f3041ac387213be6bfc89e","vout":79,"walletconflicts":[],"time":1627656124557,"timereceived":1627656124557,"bip125-replaceable":"no"},{"involvesWatchonly":true,"account":"","address":"mzzg8fvHXydKs8j9D2a8t7KpSXpGgAnk4n","category":"receive","amount":7.44,"label":"","confirmations":1,"blockhash":"f40bdab26258ff30055f90214a24fc6dcea57462535077f3c5789406e0e30072","blockindex":16,"blocktime":1627657948873,"txid":"084752097be80c9291d554601670dc2fc265ac36ef1023519ceb8ff0b4e4995f","vout":17,"walletconflicts":[],"time":1627657911993,"timereceived":1627657911993,"bip125-replaceable":"no"},{"involvesWatchonly":true,"account":"","address":"mzzg8fvHXydKs8j9D2a8t7KpSXpGgAnk4n","category":"receive","amount":7.13,"label":"","confirmations":1,"blockhash":"f40bdab26258ff30055f90214a24fc6dcea57462535077f3c5789406e0e30072","blockindex":44,"blocktime":1627657948873,"txid":"993c802d705255ebfc08f4642f6f676b64a4864700d7a00d15d89ca61c5333a9","vout":58,"walletconflicts":[],"time":1627657929474,"timereceived":1627657929474,"bip125-replaceable":"no"},{"involvesWatchonly":true,"account":"","address":"mmFFG4jqAtw9MoCC88hw5FNfreQWuEHADp","category":"receive","amount":7,"label":"","confirmations":2,"blockhash":"8aa7f8a5d5db094089dcbfbada744f0542e02d01d12c76c0c3ad039afa63ef5b","blockindex":70,"blocktime":1627657348873,"txid":"f4e92fea2d159b21745c5798ecece94a6e6ddd8cac342e709bbf9dd624cbcd9d","vout":63,"walletconflicts":[],"time":1627657315667,"timereceived":1627657315667,"bip125-replaceable":"no"},{"involvesWatchonly":true,"account":"","address":"mvcyJMiAcSXKAEsQxbW9TYZ369rsMG6rVV","category":"receive","amount":34.19595821,"label":"","confirmations":8,"blockhash":"dc082a2aa8b071387b059f945af856a155815ab9247c43890801de09380c709a","blockindex":33,"blocktime":1627653748873,"txid":"3a78735eb0ff0e303ea059d9848ab6d2337e958a8e958b3e42a5033c30c7fe93","vout":45,"walletconflicts":[],"time":1627653720170,"timereceived":1627653720170,"bip125-replaceable":"no"},{"involvesWatchonly":true,"account":"","address":"mvcyJMiAcSXKAEsQxbW9TYZ369rsMG6rVV","category":"receive","amount":35.20864196,"label":"","confirmations":2,"blockhash":"8aa7f8a5d5db094089dcbfbada744f0542e02d01d12c76c0c3ad039afa63ef5b","blockindex":7,"blocktime":1627657348873,"txid":"10c8d84ff124a033c43020ae578415a47d3d6dc38c09ecac574f6f5505b9492a","vout":3,"walletconflicts":[],"time":1627657328350,"timereceived":1627657328350,"bip125-replaceable":"no"},{"involvesWatchonly":true,"account":"","address":"mvcyJMiAcSXKAEsQxbW9TYZ369rsMG6rVV","category":"receive","amount":33.6411988,"label":"","confirmations":5,"blockhash":"9bb2d106fe6c3c41635e16875462e42599814bf0148e455f8e1b9c975cc1bacc","blockindex":13,"blocktime":1627655548873,"txid":"7b7d07f77b55b79b3762e906e271df87ec899019f934932e1caaa0bf9f1f0f23","vout":85,"walletconflicts":[],"time":1627655500631,"timereceived":1627655500631,"bip125-replaceable":"no"},{"involvesWatchonly":true,"account":"","address":"mvcyJMiAcSXKAEsQxbW9TYZ369rsMG6rVV","category":"receive","amount":55.58414052,"label":"","confirmations":31,"blockhash":"c54d5001e315335a341cb987fc5af89977e041fbadd79e88eb6a75cd73e29ccf","blockindex":44,"blocktime":1627639948873,"txid":"6b8d173fa551601b749c546e6a54e630d6f35f9abc2a0439e82206f94dc55cf9","vout":82,"walletconflicts":[],"time":1627639927194,"timereceived":1627639927194,"bip125-replaceable":"no"},{"involvesWatchonly":true,"account":"","address":"mghL6WVFNXPaTi7Fy9PWdwzzwf4P3x1Jev","category":"send","amount":-32.34564627,"label":"","confirmations":16,"blockhash":"5f67a1a4a9c47a8f04019dc7ef0af842d3be7c306edc7cdfc6667755f47ee32b","blockindex":33,"blocktime":1627648948873,"txid":"26a0a5af4bce178329bcac5428e31a5cc5aa7e8d55b47634ca034a9c4d12e4fc","vout":35,"walletconflicts":[],"time":1627648922826,"timereceived":1627648922826,"bip125-replaceable":"no"},{"involvesWatchonly":true,"account":"","address":"mqC5tbnrPRRMppPoXgrYjo6Ns2biKU1PEQ","category":"send","amount":-92.89528781,"label":"","confirmations":19,"blockhash":"74142a205f312176066a88d7228e8ca9b4cd495b62bce99b0df87136ebf9c62e","blockindex":96,"blocktime":1627647148873,"txid":"26f69c4ebf14cb37a990be287955be21f927191dc9131ce05d58dcecb45df605","vout":23,"walletconflicts":[],"time":1627647125817,"timereceived":1627647125817,"bip125-replaceable":"no"},{"involvesWatchonly":true,"account":"","address":"mzzg8fvHXydKs8j9D2a8t7KpSXpGgAnk4n","category":"receive","amount":6.5,"label":"","confirmations":1,"blockhash":"f40bdab26258ff30055f90214a24fc6dcea57462535077f3c5789406e0e30072","blockindex":55,"blocktime":1627657948873,"txid":"a0aba8cff8a922748164b4b5203479c1c08b73ce441f5240c8a2e846b69fa604","vout":54,"walletconflicts":[],"time":1627657931393,"timereceived":1627657931393,"bip125-replaceable":"no"},{"involvesWatchonly":true,"account":"","address":"mvcyJMiAcSXKAEsQxbW9TYZ369rsMG6rVV","category":"receive","amount":10.34176968,"label":"","confirmations":4,"blockhash":"98102c63c2d76f0fe360b7db44e205bb21c4cd6ed4bd6f32fb4bcf442fe82f75","blockindex":95,"blocktime":1627656148873,"txid":"ec49e3af1039226fd68134bc00208a60d8206f550d5758774e939be7de1fa608","vout":68,"walletconflicts":[],"time":1627656109964,"timereceived":1627656109964,"bip125-replaceable":"no"},{"involvesWatchonly":true,"account":"","address":"mmFFG4jqAtw9MoCC88hw5FNfreQWuEHADp","category":"receive","amount":7,"label":"","confirmations":4,"blockhash":"98102c63c2d76f0fe360b7db44e205bb21c4cd6ed4bd6f32fb4bcf442fe82f75","blockindex":14,"blocktime":1627656148873,"txid":"8b9913e33fe4de418120736da8d7802bf0ebfe718550f2ea4620bc3e28cb846a","vout":85,"walletconflicts":[],"time":1627656127923,"timereceived":1627656127923,"bip125-replaceable":"no"},{"involvesWatchonly":true,"account":"","address":"mwN3Y5D5a1QsgDJGLv5ybUMHFFcvDuz3zg","category":"receive","amount":17.33773303,"label":"","confirmations":46,"blockhash":"6dabb5602c53d6b69d37c87c3513962faf05e769e703c5e95fcf37c1feac7e94","blockindex":11,"blocktime":1627630948873,"txid":"a7699cf67abbfd7cdd61d91f347790e9c5ac4ad254fdc3c476cabb3fb022ae34","vout":71,"walletconflicts":[],"time":1627630927664,"timereceived":1627630927664,"bip125-replaceable":"no"},{"involvesWatchonly":true,"account":"","address":"mvcyJMiAcSXKAEsQxbW9TYZ369rsMG6rVV","category":"receive","amount":30.18205176,"label":"","confirmations":2,"blockhash":"8aa7f8a5d5db094089dcbfbada744f0542e02d01d12c76c0c3ad039afa63ef5b","blockindex":16,"blocktime":1627657348873,"txid":"53f13e4324ebd476d6d5639df9990c3367a3deae09de95e9b7b6761c990d226a","vout":10,"walletconflicts":[],"time":1627657336475,"timereceived":1627657336475,"bip125-replaceable":"no"},{"involvesWatchonly":true,"account":"","address":"mutrAf4usv3HKNdpLwVD4ow2oLArL6Rez8","category":"receive","amount":9.05221,"label":"","confirmations":10,"blockhash":"33a394c72a3a9c77c2ede08b5129acb317de1cf9dd34a16df2f392da6ee9f88f","blockindex":46,"blocktime":1627652548873,"txid":"c945b92a89e439e56fc37f089b2f73545f279a7b50b257ecde842eab36912a81","vout":71,"walletconflicts":[],"time":1627652514272,"timereceived":1627652514272,"bip125-replaceable":"no"},{"involvesWatchonly":true,"account":"","address":"mutrAf4usv3HKNdpLwVD4ow2oLArL6Rez8","category":"receive","amount":6.64275,"label":"","confirmations":4,"blockhash":"98102c63c2d76f0fe360b7db44e205bb21c4cd6ed4bd6f32fb4bcf442fe82f75","blockindex":14,"blocktime":1627656148873,"txid":"ee166a26b095eaad58a110db756ea8d0f51a34af51a7a3b5823d3491ecd4732e","vout":33,"walletconflicts":[],"time":1627656113197,"timereceived":1627656113197,"bip125-replaceable":"no"},{"involvesWatchonly":true,"account":"","address":"mjVYVxujQ13PZBrdW6wCXJkaYXLhwGX8Wq","category":"send","amount":-19.78888486,"label":"","confirmations":51,"blockhash":"101ed8511d55cada290fed7088e58ef62d9dc870f3a6386a5d118550626ba6f2","blockindex":49,"blocktime":1627627948873,"txid":"031e1ff138fe309b3512dfd70fa88490e8fdae5623a85628f7a57e7f8449b51e","vout":12,"walletconflicts":[],"time":1627627901234,"timereceived":1627627901234,"bip125-replaceable":"no"},{"involvesWatchonly":true,"account":"","address":"mvcyJMiAcSXKAEsQxbW9TYZ369rsMG6rVV","category":"receive","amount":48.9273734,"label":"","confirmations":1,"blockhash":"f40bdab26258ff30055f90214a24fc6dcea57462535077f3c5789406e0e30072","blockindex":11,"blocktime":1627657948873,"txid":"8959280756e6135808ff62875a62e7701916d0be46bcbd0794efab42ec28e96d","vout":40,"walletconflicts":[],"time":1627657910884,"timereceived":1627657910884,"bip125-replaceable":"no"},{"involvesWatchonly":true,"account":"","address":"mzzg8fvHXydKs8j9D2a8t7KpSXpGgAnk4n","category":"receive","amount":3.49,"label":"","confirmations":1,"blockhash":"f40bdab26258ff30055f90214a24fc6dcea57462535077f3c5789406e0e30072","blockindex":77,"blocktime":1627657948873,"txid":"5fa4c5047e76346a1740416d2b09e8cf3ffee1eb8f030efc8306727d3874405e","vout":27,"walletconflicts":[],"time":1627657924841,"timereceived":1627657924841,"bip125-replaceable":"no"},{"involvesWatchonly":true,"account":"","address":"mvMjHEUNsn1vVi4Evz8CGJ8AUJCfLZN4Q8","category":"receive","amount":75.01003828,"label":"","confirmations":42,"blockhash":"ceea46e555518b0c7e858476ca2259b1ca91832ea6b35a8e135ac30d9ab7360b","blockindex":93,"blocktime":1627633348873,"txid":"427e44ddf782a2a9400e35a642315d34d84f67d6897c2a9a4365a337ec92a27a","vout":81,"walletconflicts":[],"time":1627633312023,"timereceived":1627633312023,"bip125-replaceable":"no"},{"involvesWatchonly":true,"account":"","address":"mvcyJMiAcSXKAEsQxbW9TYZ369rsMG6rVV","category":"receive","amount":5.32998172,"label":"","confirmations":5,"blockhash":"9bb2d106fe6c3c41635e16875462e42599814bf0148e455f8e1b9c975cc1bacc","blockindex":37,"blocktime":1627655548873,"txid":"e7c5b25ab1713ed0b68e7a261c85ce83173e798db28f6b700d64e5d5a123143d","vout":14,"walletconflicts":[],"time":1627655500424,"timereceived":1627655500424,"bip125-replaceable":"no"},{"involvesWatchonly":true,"account":"","address":"miTHhiX3iFhVnAEecLjybxvV5g8mKYTtnM","category":"receive","amount":1.1e-7,"label":"","confirmations":11,"blockhash":"94ce0176992808cf67a93aacdb092a6cc461c0af05fb8e20d73ec334c1f77b75","blockindex":10,"blocktime":1627651948873,"txid":"f5fcc5eb2c2c9939ddf6d568fc4b8b6fac8fd0bc185fc2c9c7cd394057059bcb","vout":35,"walletconflicts":[],"time":1627651926808,"timereceived":1627651926808,"bip125-replaceable":"no"},{"involvesWatchonly":true,"account":"","address":"miTHhiX3iFhVnAEecLjybxvV5g8mKYTtnM","category":"receive","amount":24.64418771,"label":"","confirmations":2,"blockhash":"8aa7f8a5d5db094089dcbfbada744f0542e02d01d12c76c0c3ad039afa63ef5b","blockindex":86,"blocktime":1627657348873,"txid":"6553cc52928d4cb42c5b559be80a2da5d97bd7b2df6ecd7f9fd5eb2ef37dd259","vout":18,"walletconflicts":[],"time":1627657299372,"timereceived":1627657299372,"bip125-replaceable":"no"},{"involvesWatchonly":true,"account":"","address":"msZyCtZeeJejC9GYTP93trKfMqicssCPM3","category":"receive","amount":21.58355581,"label":"","confirmations":53,"blockhash":"9cc54eac2123d6b11f5036630e73373f1ac69a8b3ef6b15761676467e9a04313","blockindex":22,"blocktime":1627626748873,"txid":"ae71fc192eb74d71c5c7164b6a68fa540f4fc1dc99b8b4ac48322c36fbcedf84","vout":49,"walletconflicts":[],"time":1627626732776,"timereceived":1627626732776,"bip125-replaceable":"no"},{"involvesWatchonly":true,"account":"","address":"mmFFG4jqAtw9MoCC88hw5FNfreQWuEHADp","category":"receive","amount":6,"label":"","confirmations":2,"blockhash":"8aa7f8a5d5db094089dcbfbada744f0542e02d01d12c76c0c3ad039afa63ef5b","blockindex":70,"blocktime":1627657348873,"txid":"777940564c8547482c6f988279514b9d9eb9a2c3cdeb3b5ab0c85a444d75f9ce","vout":46,"walletconflicts":[],"time":1627657320320,"timereceived":1627657320320,"bip125-replaceable":"no"},{"involvesWatchonly":true,"account":"","address":"mmFFG4jqAtw9MoCC88hw5FNfreQWuEHADp","category":"receive","amount":9,"label":"","confirmations":3,"blockhash":"397fe1b9e34cee9e74b53e7f03ca1c4af4cbbee68198e954403a05f4a156993c","blockindex":14,"blocktime":1627656748873,"txid":"6189cce762ff2c80c31fccaca7a4bae5e876f7eb8cb08fd51dd85e974fed43e3","vout":10,"walletconflicts":[],"time":1627656723867,"timereceived":1627656723867,"bip125-replaceable":"no"},{"involvesWatchonly":true,"account":"","address":"miTHhiX3iFhVnAEecLjybxvV5g8mKYTtnM","category":"receive","amount":79.19545206,"label":"","confirmations":-1,"blockhash":"2761cf01162b0aac2600c573a3766cdd4120691c2c83188217ccb35620ed15f0","blockindex":6,"blocktime":1627657948873,"txid":"3c8e14999fe835d766abcf354baf66adb32f7fcb06e6e6d816219d0c5f3d1a6c","vout":52,"walletconflicts":[],"time":1627657931255,"timereceived":1627657931255,"bip125-replaceable":"no"},{"involvesWatchonly":true,"account":"","address":"mvcyJMiAcSXKAEsQxbW9TYZ369rsMG6rVV","category":"receive","amount":63.45500807,"label":"","confirmations":7,"blockhash":"228a5c61ce43ee70bb61c85d7dbb550ec14068818f64d2f2e3d768476cc0717f","blockindex":21,"blocktime":1627654348873,"txid":"d2df63957bcb53bdc0270c6a9aad6e52128c7bb56f09f5466ffec53a9a1ad5ca","vout":81,"walletconflicts":[],"time":1627654299866,"timereceived":1627654299866,"bip125-replaceable":"no"},{"involvesWatchonly":true,"account":"","address":"mkQeqAZtc9NR1KYqmjPLYFFpKK21J8nS6Y","category":"send","amount":-74.82012699,"label":"","confirmations":33,"blockhash":"60fa13a18d974efc54132a9befc5ca235243980bb6b1080774f5ef7451c8d6d4","blockindex":68,"blocktime":1627638748873,"txid":"f74aad191615857a880a7f8fb7eb9e9237895eb67e64b747ec31132f34e8110a","vout":47,"walletconflicts":[],"time":1627638713389,"timereceived":1627638713389,"bip125-replaceable":"no"},{"involvesWatchonly":true,"account":"","address":"mmFFG4jqAtw9MoCC88hw5FNfreQWuEHADp","category":"receive","amount":4,"label":"","confirmations":5,"blockhash":"9bb2d106fe6c3c41635e16875462e42599814bf0148e455f8e1b9c975cc1bacc","blockindex":8,"blocktime":1627655548873,"txid":"45909bb93a68769ccf22fad0f28149d86e6b650df17430cb924d4518913023df","vout":26,"walletconflicts":[],"time":1627655534201,"timereceived":1627655534201,"bip125-replaceable":"no"},{"involvesWatchonly":true,"account":"","address":"mvcyJMiAcSXKAEsQxbW9TYZ369rsMG6rVV","category":"receive","amount":1.99414663,"label":"","confirmations":26,"blockhash":"ea1f3a465b5ac0aa7055c122736f9be32287875e4e0444f05392ed6e9d36f89f","blockindex":13,"blocktime":1627642948873,"txid":"349b9a21ea0f671592e6b285bd79b5d3505910c09dcae4929ed1e859035b54a7","vout":81,"walletconflicts":[],"time":1627642906372,"timereceived":1627642906372,"bip125-replaceable":"no"},{"involvesWatchonly":true,"account":"","address":"miTHhiX3iFhVnAEecLjybxvV5g8mKYTtnM","category":"receive","amount":42.2601606,"label":"","confirmations":4,"blockhash":"98102c63c2d76f0fe360b7db44e205bb21c4cd6ed4bd6f32fb4bcf442fe82f75","blockindex":73,"blocktime":1627656148873,"txid":"8b8fcb8fa5693ff0df53d42863d48fd4cf4dd7ba0f894f57d8c4b6d5b0a03cc8","vout":55,"walletconflicts":[],"time":1627656129086,"timereceived":1627656129086,"bip125-replaceable":"no"},{"involvesWatchonly":true,"account":"","address":"msLPs18kdkPXPhTyTzmf6P5jEZo11EuZXv","category":"receive","amount":63.48231627,"label":"","confirmations":24,"blockhash":"764fe18244104924726a646669ef6db355ff9cb8c438116a375480b806ab3680","blockindex":43,"blocktime":1627644148873,"txid":"940037ae933a4b7a9770d40035c137be4fc2428a2cf072bafcc995c292c60454","vout":61,"walletconflicts":[],"time":1627644133724,"timereceived":1627644133724,"bip125-replaceable":"no"},{"involvesWatchonly":true,"account":"","address":"miTHhiX3iFhVnAEecLjybxvV5g8mKYTtnM","category":"receive","amount":24.69171439,"label":"","confirmations":4,"blockhash":"98102c63c2d76f0fe360b7db44e205bb21c4cd6ed4bd6f32fb4bcf442fe82f75","blockindex":32,"blocktime":1627656148873,"txid":"15fa90fc7669ed06df104bd2f9da48ccc039e07ebf3e8c6bd023e81df1fce26d","vout":6,"walletconflicts":[],"time":1627656119197,"timereceived":1627656119197,"bip125-replaceable":"no"},{"involvesWatchonly":true,"account":"","address":"n2PbkqKRpsFovuby9KWB395efMfby4n9Sh","category":"receive","amount":5e-8,"label":"","confirmations":2,"blockhash":"8aa7f8a5d5db094089dcbfbada744f0542e02d01d12c76c0c3ad039afa63ef5b","blockindex":99,"blocktime":1627657348873,"txid":"863763da65e4f406c5e1e76a3b70dba9d1ff5d6316387b1d3e6740baa483a57f","vout":53,"walletconflicts":[],"time":1627657302142,"timereceived":1627657302142,"bip125-replaceable":"no"},{"involvesWatchonly":true,"account":"","address":"muWX885N4Q6h3pyBrQWjNPYFFHPfx4S3x3","category":"send","amount":-5.94736089,"label":"","confirmations":4,"blockhash":"98102c63c2d76f0fe360b7db44e205bb21c4cd6ed4bd6f32fb4bcf442fe82f75","blockindex":36,"blocktime":1627656148873,"txid":"180d233c7fe9a9754ce503d10dcc7aa381cb2622b6e94d9bfad2ed6844913aa9","vout":62,"walletconflicts":[],"time":1627656105881,"timereceived":1627656105881,"bip125-replaceable":"no"},{"involvesWatchonly":true,"account":"","address":"mutrAf4usv3HKNdpLwVD4ow2oLArL6Rez8","category":"receive","amount":8.44786,"label":"","confirmations":5,"blockhash":"9bb2d106fe6c3c41635e16875462e42599814bf0148e455f8e1b9c975cc1bacc","blockindex":98,"blocktime":1627655548873,"txid":"d5c283a85f3cdf257c13c8d0a12dda12088b2a8af2f6e6ca5ce3f2016a06d7dd","vout":94,"walletconflicts":[],"time":1627655531312,"timereceived":1627655531312,"bip125-replaceable":"no"},{"involvesWatchonly":true,"account":"","address":"n1RhVDQ2yUbcbP7hKwJBTqZfTFBrtvRbDX","category":"send","amount":-18.63703104,"label":"","confirmations":19,"blockhash":"74142a205f312176066a88d7228e8ca9b4cd495b62bce99b0df87136ebf9c62e","blockindex":92,"blocktime":1627647148873,"txid":"fedbf591c40a1e745234285d67e1ab24daa9f07121cd6bcf7be75275b49fd69d","vout":92,"walletconflicts":[],"time":1627647122575,"timereceived":1627647122575,"bip125-replaceable":"no"},{"involvesWatchonly":true,"account":"","address":"mutrAf4usv3HKNdpLwVD4ow2oLArL6Rez8","category":"receive","amount":0.09319,"label":"","confirmations":2,"blockhash":"8aa7f8a5d5db094089dcbfbada744f0542e02d01d12c76c0c3ad039afa63ef5b","blockindex":87,"blocktime":1627657348873,"txid":"ec9c99911dd94d144b42afb75d59216149cdf65f933757eae181209fe8d4204e","vout":66,"walletconflicts":[],"time":1627657329169,"timereceived":1627657329169,"bip125-replaceable":"no"},{"involvesWatchonly":true,"account":"","address":"mutrAf4usv3HKNdpLwVD4ow2oLArL6Rez8","category":"receive","amount":3.95631,"label":"","confirmations":4,"blockhash":"98102c63c2d76f0fe360b7db44e205bb21c4cd6ed4bd6f32fb4bcf442fe82f75","blockindex":57,"blocktime":1627656148873,"txid":"576b5fc4ca2710be8a61f72f0773cbaad3de2717a202c10557f3cf8e6a6d7173","vout":73,"walletconflicts":[],"time":1627656110241,"timereceived":1627656110241,"bip125-replaceable":"no"},{"involvesWatchonly":true,"account":"","address":"mvcyJMiAcSXKAEsQxbW9TYZ369rsMG6rVV","category":"receive","amount":69.49461687,"label":"","confirmations":2,"blockhash":"8aa7f8a5d5db094089dcbfbada744f0542e02d01d12c76c0c3ad039afa63ef5b","blockindex":73,"blocktime":1627657348873,"txid":"84b19aacb8b10330cff1d5339439c5f3578182305e3eb4cfff449f6a644e1c65","vout":76,"walletconflicts":[],"time":1627657325763,"timereceived":1627657325763,"bip125-replaceable":"no"},{"involvesWatchonly":true,"account":"","address":"mvcyJMiAcSXKAEsQxbW9TYZ369rsMG6rVV","category":"receive","amount":68.45202405,"label":"","confirmations":3,"blockhash":"397fe1b9e34cee9e74b53e7f03ca1c4af4cbbee68198e954403a05f4a156993c","blockindex":9,"blocktime":1627656748873,"txid":"02f40e880e19f2522730fb085b65b4762a86a3d8e5824d2bf845d1f465acb91e","vout":22,"walletconflicts":[],"time":1627656735918,"timereceived":1627656735918,"bip125-replaceable":"no"},{"involvesWatchonly":true,"account":"","address":"msXuM1526uFqNnDBxh7P39dUYvdhZpvyrG","category":"receive","amount":15.26977473,"label":"","confirmations":6,"blockhash":"083d5ba9a4bf2303fcbdb488dbf669a0c10934f6214de6a0824d6b7fbe6cb824","blockindex":72,"blocktime":1627654948873,"txid":"690c6fbe399efeecbcaa6a8f9dcc36929cad6fdaebfdec24593313a7f2d9e373","vout":84,"walletconflicts":[],"time":1627654934287,"timereceived":1627654934287,"bip125-replaceable":"no"},{"involvesWatchonly":true,"account":"","address":"mzzg8fvHXydKs8j9D2a8t7KpSXpGgAnk4n","category":"receive","amount":1.93,"label":"","confirmations":52,"blockhash":"4cc1dd2d2a7e0e959fadd7af92eb46da239bea6d5dd1fc6b9899b9618206d266","blockindex":40,"blocktime":1627627348873,"txid":"df87d525ade300a85139e3cff7a3bb2b55f84ec6bba46affe9e737a6be29fae4","vout":33,"walletconflicts":[],"time":1627627299249,"timereceived":1627627299249,"bip125-replaceable":"no"},{"involvesWatchonly":true,"account":"","address":"mzzg8fvHXydKs8j9D2a8t7KpSXpGgAnk4n","category":"receive","amount":1.13,"label":"","confirmations":53,"blockhash":"9cc54eac2123d6b11f5036630e73373f1ac69a8b3ef6b15761676467e9a04313","blockindex":66,"blocktime":1627626748873,"txid":"f33fc562545eeae8f033922676e0e0e11387a34a7b68fb7027c708964d24e483","vout":46,"walletconflicts":[],"time":1627626712131,"timereceived":1627626712131,"bip125-replaceable":"no"},{"involvesWatchonly":true,"account":"","address":"mmFFG4jqAtw9MoCC88hw5FNfreQWuEHADp","category":"receive","amount":1,"label":"","confirmations":4,"blockhash":"98102c63c2d76f0fe360b7db44e205bb21c4cd6ed4bd6f32fb4bcf442fe82f75","blockindex":41,"blocktime":1627656148873,"txid":"7b0d934c218be8337d9995f075bd3223fcfcc044b7b0ee8d22e91f6d04ad0b2b","vout":93,"walletconflicts":[],"time":1627656118938,"timereceived":1627656118938,"bip125-replaceable":"no"},{"involvesWatchonly":true,"account":"","address":"miTHhiX3iFhVnAEecLjybxvV5g8mKYTtnM","category":"receive","amount":33.0137079,"label":"","confirmations":5,"blockhash":"9bb2d106fe6c3c41635e16875462e42599814bf0148e455f8e1b9c975cc1bacc","blockindex":34,"blocktime":1627655548873,"txid":"1609877557eda5d15cea06330de45fe5f71dd012eaa63dddc4d531d17415d07d","vout":8,"walletconflicts":[],"time":1627655511312,"timereceived":1627655511312,"bip125-replaceable":"no"},{"involvesWatchonly":true,"account":"","address":"miTHhiX3iFhVnAEecLjybxvV5g8mKYTtnM","category":"receive","amount":1.02029602,"label":"","confirmations":3,"blockhash":"397fe1b9e34cee9e74b53e7f03ca1c4af4cbbee68198e954403a05f4a156993c","blockindex":86,"blocktime":1627656748873,"txid":"30dec1a833bdce3ffe525ed3a2f653599d9cdce142f3c9a7f5e960a7331bda46","vout":58,"walletconflicts":[],"time":1627656707303,"timereceived":1627656707303,"bip125-replaceable":"no"},{"involvesWatchonly":true,"account":"","address":"miTHhiX3iFhVnAEecLjybxvV5g8mKYTtnM","category":"receive","amount":85.30964873,"label":"","confirmations":31,"blockhash":"c54d5001e315335a341cb987fc5af89977e041fbadd79e88eb6a75cd73e29ccf","blockindex":82,"blocktime":1627639948873,"txid":"522fc508fcd8d4d2fd00e9e48b921751652b4884c99aa5849f94e2c55d9a61b1","vout":87,"walletconflicts":[],"time":1627639933524,"timereceived":1627639933524,"bip125-replaceable":"no"},{"involvesWatchonly":true,"account":"","address":"mzzg8fvHXydKs8j9D2a8t7KpSXpGgAnk4n","category":"receive","amount":8.83,"label":"","confirmations":53,"blockhash":"9cc54eac2123d6b11f5036630e73373f1ac69a8b3ef6b15761676467e9a04313","blockindex":48,"blocktime":1627626748873,"txid":"ef1af8e49d4b9d3f5d6aec1a5d85c1ab91fde8cbd0b4d6b1e3a6e286a8fac945","vout":54,"walletconflicts":[],"time":1627626699969,"timereceived":1627626699969,"bip125-replaceable":"no"},{"involvesWatchonly":true,"account":"","address":"mmWT3cD5KThSEAYZDx4pf9Kjgt61aQ9b2L","category":"send","amount":-51.13398442,"label":"","confirmations":35,"blockhash":"9e0d74a4a8955472e3120c3478475c7b71ea35aa8336eb2853a92e14d3a804c1","blockindex":43,"blocktime":1627637548873,"txid":"2750b27a41fa917113dbeb53530f5e5fcc3e851193f36b6e610c7234967c74db","vout":27,"walletconflicts":[],"time":1627637505008,"timereceived":1627637505008,"bip125-replaceable":"no"},{"involvesWatchonly":true,"account":"","address":"mzzg8fvHXydKs8j9D2a8t7KpSXpGgAnk4n","category":"receive","amount":8.65,"label":"","confirmations":2,"blockhash":"8aa7f8a5d5db094089dcbfbada744f0542e02d01d12c76c0c3ad039afa63ef5b","blockindex":41,"blocktime":1627657348873,"txid":"776f9b102d8ee80e43258e8bd5d23c1ba45ca6019867413525883f143c4ba21d","vout":6,"walletconflicts":[],"time":1627657309328,"timereceived":1627657309328,"bip125-replaceable":"no"},{"involvesWatchonly":true,"account":"","address":"mutrAf4usv3HKNdpLwVD4ow2oLArL6Rez8","category":"receive","amount":7.00413,"label":"","confirmations":1,"blockhash":"f40bdab26258ff30055f90214a24fc6dcea57462535077f3c5789406e0e30072","blockindex":92,"blocktime":1627657948873,"txid":"4c1790388e2365cc0ab9729bf816f85edbd75094c8c3320d9519d38d684e0436","vout":83,"walletconflicts":[],"time":1627657899870,"timereceived":1627657899870,"bip125-replaceable":"no"},{"involvesWatchonly":true,"account":"","address":"mzzg8fvHXydKs8j9D2a8t7KpSXpGgAnk4n","category":"receive","amount":8.56,"label":"","confirmations":55,"blockhash":"efbe824e87efde591d29671c468d2216d54caa9f601002270f55577eb941fb0c","blockindex":70,"blocktime":1627625548873,"txid":"7b9cfbed67d423e51ec31b4887764710a496d8c6b7f5d32d9fe6387af3471915","vout":77,"walletconflicts":[],"time":1627625504595,"timereceived":1627625504595,"bip125-replaceable":"no"},{"involvesWatchonly":true,"account":"","address":"mvcyJMiAcSXKAEsQxbW9TYZ369rsMG6rVV","category":"receive","amount":79.09875285,"label":"","confirmations":25,"blockhash":"d4317d58e8a0c5f8288c9c8d470cf33d313c5c85738017e1c29c8907e219dd57","blockindex":13,"blocktime":1627643548873,"txid":"372a26be85e78414c27d802acc487b039458a6a11b053e9cbc5353d2f6bcf0c0","vout":3,"walletconflicts":[],"time":1627643529149,"timereceived":1627643529149,"bip125-replaceable":"no"},{"involvesWatchonly":true,"account":"","address":"miTHhiX3iFhVnAEecLjybxvV5g8mKYTtnM","category":"receive","amount":27.30625724,"label":"","confirmations":-4,"blockhash":"f4ed830023a16b798343505bfbc6ca74b6dececd375f7497dc6cfea4bf209cd0","blockindex":60,"blocktime":1627656148873,"txid":"08720a6bd8674e24bf41e6e5f0de58059eebdc3c5573068fa3fc2a5f2fdabe7a","vout":83,"walletconflicts":[],"time":1627656109993,"timereceived":1627656109993,"bip125-replaceable":"no"},{"involvesWatchonly":true,"account":"","address":"mrJsuFpg9VYhTnabpoWohtfLhDt9xAYhGt","category":"receive","amount":48.76294572,"label":"","confirmations":13,"blockhash":"f46e6359ddf769ab10e6a5834df7324abacdb21239ad084353024aba03e20f16","blockindex":59,"blocktime":1627650748873,"txid":"b8c46fd4450cda3c72ceaa1eef7ee34506ce4b914ef35709ef39340b40188fc2","vout":12,"walletconflicts":[],"time":1627650709547,"timereceived":1627650709547,"bip125-replaceable":"no"},{"involvesWatchonly":true,"account":"","address":"mvcyJMiAcSXKAEsQxbW9TYZ369rsMG6rVV","category":"receive","amount":28.75427781,"label":"","confirmations":3,"blockhash":"397fe1b9e34cee9e74b53e7f03ca1c4af4cbbee68198e954403a05f4a156993c","blockindex":65,"blocktime":1627656748873,"txid":"7e1068e0f69c94180cc76cac1863295b08dafb7f6917e5ed83560baf8a533c9f","vout":39,"walletconflicts":[],"time":1627656711059,"timereceived":1627656711059,"bip125-replaceable":"no"},{"involvesWatchonly":true,"account":"","address":"mutrAf4usv3HKNdpLwVD4ow2oLArL6Rez8","category":"receive","amount":5.67127,"label":"","confirmations":30,"blockhash":"29ae313c64d0c0af581a5f6808fd301d44066427f798c56c2889ab036c254923","blockindex":75,"blocktime":1627640548873,"txid":"389ef8878e145cd77f29d1ab148cd2b7f602c13277f2470c634294a6251ababf","vout":64,"walletconflicts":[],"time":1627640530393,"timereceived":1627640530393,"bip125-replaceable":"no"},{"involvesWatchonly":true,"account":"","address":"mhEHTUWCY3e9km2nmatUm5MBifjRtPEg82","category":"send","amount":-88.48257846,"label":"","confirmations":24,"blockhash":"764fe18244104924726a646669ef6db355ff9cb8c438116a375480b806ab3680","blockindex":6,"blocktime":1627644148873,"txid":"93dbc13dede1a05f8f63fe9313b267604460db12770cff23e26c9a53935a36b6","vout":12,"walletconflicts":[],"time":1627644116203,"timereceived":1627644116203,"bip125-replaceable":"no"},{"involvesWatchonly":true,"account":"","address":"mutrAf4usv3HKNdpLwVD4ow2oLArL6Rez8","category":"receive","amount":6.69376,"label":"","confirmations":40,"blockhash":"bd72e5aa3fbd9e5155cbc23b75dd13d9757578aa489492be030f11a14567ea7f","blockindex":99,"blocktime":1627634548873,"txid":"ae4759a4c9ed8866c206a0984d5f480287d8c8060fbad771e883aab5d1b27ae4","vout":19,"walletconflicts":[],"time":1627634537825,"timereceived":1627634537825,"bip125-replaceable":"no"},{"involvesWatchonly":true,"account":"","address":"2N1SP7r92ZZJvYKG2oNtzPwYnzw62up7mTo","category":"receive","amount":5.65,"label":"","confirmations":6,"blockhash":"9bb2d106fe6c3c41635e16875462e42599814bf0148e455f8e1b9c975cc1bacc","blockindex":46,"blocktime":1627655548873,"txid":"aa74b52561e6f4b4c8947e36c2fa42ccf68894223c8c4c910e465c825d0e726a","vout":9,"walletconflicts":[],"time":1627655520026,"timereceived":1627655520026,"bip125-replaceable":"no"},{"involvesWatchonly":true,"account":"","address":"mvcyJMiAcSXKAEsQxbW9TYZ369rsMG6rVV","category":"receive","amount":50.45147633,"label":"","confirmations":1,"blockhash":"f40bdab26258ff30055f90214a24fc6dcea57462535077f3c5789406e0e30072","blockindex":51,"blocktime":1627657948873,"txid":"5576e31bcb2d3e03089fa4d884a892b9d83a993409ded14040035b3a3e2a8d10","vout":99,"walletconflicts":[],"time":1627657930168,"timereceived":1627657930168,"bip125-replaceable":"no"},{"involvesWatchonly":true,"account":"","address":"mzzg8fvHXydKs8j9D2a8t7KpSXpGgAnk4n","category":"receive","amount":3.46,"label":"","confirmations":53,"blockhash":"9cc54eac2123d6b11f5036630e73373f1ac69a8b3ef6b15761676467e9a04313","blockindex":25,"blocktime":1627626748873,"txid":"07eeffdac0503ddca403b0193442cd2112f8f6112e1a37e0c156c2109d15344b","vout":41,"walletconflicts":[],"time":1627626725493,"timereceived":1627626725493,"bip125-replaceable":"no"},{"involvesWatchonly":true,"account":"","address":"2N1SP7r92ZZJvYKG2oNtzPwYnzw62up7mTo","category":"receive","amount":5.65,"label":"","confirmations":6,"blockhash":"9bb2d106fe6c3c41635e16875462e42599814bf0148e455f8e1b9c975cc1bacc","blockindex":46,"blocktime":1627655548873,"txid":"aa74b52561e6f4b4c8947e36c2fa42ccf68894223c8c4c910e465c825d0e726a","vout":10,"walletconflicts":[],"time":1627655520026,"timereceived":1627655520026,"bip125-replaceable":"no"},{"involvesWatchonly":true,"account":"","address":"miTHhiX3iFhVnAEecLjybxvV5g8mKYTtnM","category":"receive","amount":30.67590858,"label":"","confirmations":5,"blockhash":"9bb2d106fe6c3c41635e16875462e42599814bf0148e455f8e1b9c975cc1bacc","blockindex":5,"blocktime":1627655548873,"txid":"a2012709cfd1d8f110bdb7d1d5a6caee6e3e100bb221a1de5074a020edc03a31","vout":29,"walletconflicts":[],"time":1627655526975,"timereceived":1627655526975,"bip125-replaceable":"no"},{"involvesWatchonly":true,"account":"","address":"mutrAf4usv3HKNdpLwVD4ow2oLArL6Rez8","category":"receive","amount":7.87423,"label":"","confirmations":3,"blockhash":"397fe1b9e34cee9e74b53e7f03ca1c4af4cbbee68198e954403a05f4a156993c","blockindex":22,"blocktime":1627656748873,"txid":"7f8bf3a952fb635f946925ec3246a3afd7951ab5af04af409bda95f5614ffa0c","vout":88,"walletconflicts":[],"time":1627656725314,"timereceived":1627656725314,"bip125-replaceable":"no"},{"involvesWatchonly":true,"account":"","address":"mmFFG4jqAtw9MoCC88hw5FNfreQWuEHADp","category":"receive","amount":3,"label":"","confirmations":4,"blockhash":"98102c63c2d76f0fe360b7db44e205bb21c4cd6ed4bd6f32fb4bcf442fe82f75","blockindex":10,"blocktime":1627656148873,"txid":"9eb9e6c019e10264a4944cee1977201ba7ff5a887d94226ec8e13ce5ebc301e0","vout":49,"walletconflicts":[],"time":1627656109124,"timereceived":1627656109124,"bip125-replaceable":"no"},{"involvesWatchonly":true,"account":"","address":"mutrAf4usv3HKNdpLwVD4ow2oLArL6Rez8","category":"receive","amount":2.59157,"label":"","confirmations":45,"blockhash":"d915c8eb9a08ff02aaeadbd4356cb41a1cdd137ed582dd4fced541543530003a","blockindex":72,"blocktime":1627631548873,"txid":"3b9f5c1ea3c0c9518aa5f90d41545bfd2c75a7982455ec7f518ee986fa107266","vout":58,"walletconflicts":[],"time":1627631514249,"timereceived":1627631514249,"bip125-replaceable":"no"},{"involvesWatchonly":true,"account":"","address":"2N1SP7r92ZZJvYKG2oNtzPwYnzw62up7mTo","category":"receive","amount":1.46,"label":"","confirmations":3,"blockhash":"397fe1b9e34cee9e74b53e7f03ca1c4af4cbbee68198e954403a05f4a156993c","blockindex":76,"blocktime":1627656748873,"txid":"bef22010095160425a1e9f0a01859f5696bce8a63b555031a6ca99a6857e1819","vout":39,"walletconflicts":[],"time":1627656714486,"timereceived":1627656714486,"bip125-replaceable":"no"},{"involvesWatchonly":true,"account":"","address":"miTHhiX3iFhVnAEecLjybxvV5g8mKYTtnM","category":"receive","amount":0.8289815,"label":"","confirmations":1,"blockhash":"f40bdab26258ff30055f90214a24fc6dcea57462535077f3c5789406e0e30072","blockindex":25,"blocktime":1627657948873,"txid":"73bfcf424dd3472ae2a089b7d015239a573c3ee5b7c36ae426db6a712f5f5b85","vout":17,"walletconflicts":[],"time":1627657925500,"timereceived":1627657925500,"bip125-replaceable":"no"},{"involvesWatchonly":true,"account":"","address":"mutrAf4usv3HKNdpLwVD4ow2oLArL6Rez8","category":"receive","amount":1.13411,"label":"","confirmations":25,"blockhash":"d4317d58e8a0c5f8288c9c8d470cf33d313c5c85738017e1c29c8907e219dd57","blockindex":52,"blocktime":1627643548873,"txid":"805f7e0e889142f09a8c09ac7b6668a81685631c4f7e4048c1515dd678c9ca66","vout":9,"walletconflicts":[],"time":1627643512648,"timereceived":1627643512648,"bip125-replaceable":"no"},{"involvesWatchonly":true,"account":"","address":"mutrAf4usv3HKNdpLwVD4ow2oLArL6Rez8","category":"receive","amount":8.94699,"label":"","confirmations":2,"blockhash":"8aa7f8a5d5db094089dcbfbada744f0542e02d01d12c76c0c3ad039afa63ef5b","blockindex":22,"blocktime":1627657348873,"txid":"b3da1085bd2c4599467af17062fbf84d8cac9e66a52049ec3849518d64b87d56","vout":88,"walletconflicts":[],"time":1627657306904,"timereceived":1627657306904,"bip125-replaceable":"no"},{"involvesWatchonly":true,"account":"","address":"mvcyJMiAcSXKAEsQxbW9TYZ369rsMG6rVV","category":"receive","amount":74.29169133,"label":"","confirmations":5,"blockhash":"9bb2d106fe6c3c41635e16875462e42599814bf0148e455f8e1b9c975cc1bacc","blockindex":26,"blocktime":1627655548873,"txid":"029d9e9d4d379cae3eb8a05c0c237ed9a22466ee3e894b32ea8e5b4a2447af01","vout":92,"walletconflicts":[],"time":1627655508576,"timereceived":1627655508576,"bip125-replaceable":"no"},{"involvesWatchonly":true,"account":"","address":"mvacAGreNYqpaf6zrznqWcE4GBiQHdpYk8","category":"send","amount":-79.91647556,"label":"","confirmations":19,"blockhash":"74142a205f312176066a88d7228e8ca9b4cd495b62bce99b0df87136ebf9c62e","blockindex":50,"blocktime":1627647148873,"txid":"c3e659f256d732a1a190f7041df36cb5652933597ab50374845c31bda9dddb24","vout":32,"walletconflicts":[],"time":1627647120281,"timereceived":1627647120281,"bip125-replaceable":"no"},{"involvesWatchonly":true,"account":"","address":"mutrAf4usv3HKNdpLwVD4ow2oLArL6Rez8","category":"receive","amount":4.71262,"label":"","confirmations":4,"blockhash":"98102c63c2d76f0fe360b7db44e205bb21c4cd6ed4bd6f32fb4bcf442fe82f75","blockindex":87,"blocktime":1627656148873,"txid":"97cc8e940fa2acb725019369f7896b940dfa92290c974c024d8db9bc55224e1b","vout":82,"walletconflicts":[],"time":1627656136231,"timereceived":1627656136231,"bip125-replaceable":"no"},{"involvesWatchonly":true,"account":"","address":"miTHhiX3iFhVnAEecLjybxvV5g8mKYTtnM","category":"receive","amount":43.99757046,"label":"","confirmations":-5,"blockhash":"362ef7142d2e84a463c1762545925168f72f7e1962d9c3ef25477d35b90f9a9a","blockindex":86,"blocktime":1627655548873,"txid":"372b7a778eb18177c9c7585ebd8b08ca7be00276e5bafd71774543b069fdc2f5","vout":92,"walletconflicts":[],"time":1627655504442,"timereceived":1627655504442,"bip125-replaceable":"no"},{"involvesWatchonly":true,"account":"","address":"mutrAf4usv3HKNdpLwVD4ow2oLArL6Rez8","category":"receive","amount":8.12907,"label":"","confirmations":43,"blockhash":"3732574448ec5a4d33aabd1b2b138853d2a3175ceb62b06fe16a457dbab67681","blockindex":43,"blocktime":1627632748873,"txid":"f7832cc944ccdd6d7e79b8bd4073c15f2c472d6764f4b8d689c32123bfa5cfa3","vout":7,"walletconflicts":[],"time":1627632711274,"timereceived":1627632711274,"bip125-replaceable":"no"},{"involvesWatchonly":true,"account":"","address":"miTHhiX3iFhVnAEecLjybxvV5g8mKYTtnM","category":"receive","amount":0,"label":"","confirmations":22,"blockhash":"b6b86ea39f082457f7a8b60aabbb1ba8e35ffc58f8df7b6a935445699c6adf3e","blockindex":50,"blocktime":1627645348873,"txid":"b9270d569dacac388ba036c24fb3708484f52dc4c41b76c625ad20ae563028a3","vout":61,"walletconflicts":[],"time":1627645332293,"timereceived":1627645332293,"bip125-replaceable":"no"},{"involvesWatchonly":true,"account":"","address":"miTHhiX3iFhVnAEecLjybxvV5g8mKYTtnM","category":"receive","amount":8.06937554,"label":"","confirmations":40,"blockhash":"bd72e5aa3fbd9e5155cbc23b75dd13d9757578aa489492be030f11a14567ea7f","blockindex":71,"blocktime":1627634548873,"txid":"6bb43bf01c03d9bf85b903f7d6e8c2868b72d4f2ebd2cfdd32182310019c134c","vout":90,"walletconflicts":[],"time":1627634531772,"timereceived":1627634531772,"bip125-replaceable":"no"},{"involvesWatchonly":true,"account":"","address":"mzzg8fvHXydKs8j9D2a8t7KpSXpGgAnk4n","category":"receive","amount":6.53,"label":"","confirmations":54,"blockhash":"9bfcbbf6ed1c45ce40af4064f090ea895117c8d6039292971c2dc5da75d6234d","blockindex":40,"blocktime":1627626148873,"txid":"97fa3cf7f65d6e1a1df5d9b7ebe8eedd179a63ac7c27135353b5fb3f03972b25","vout":14,"walletconflicts":[],"time":1627626132616,"timereceived":1627626132616,"bip125-replaceable":"no"},{"involvesWatchonly":true,"account":"","address":"mmFFG4jqAtw9MoCC88hw5FNfreQWuEHADp","category":"receive","amount":2,"label":"","confirmations":5,"blockhash":"9bb2d106fe6c3c41635e16875462e42599814bf0148e455f8e1b9c975cc1bacc","blockindex":83,"blocktime":1627655548873,"txid":"0e2600116c495aa9cbaa6b4817bf2cd43047caa397d134e29a598d3668a0de14","vout":45,"walletconflicts":[],"time":1627655500237,"timereceived":1627655500237,"bip125-replaceable":"no"},{"involvesWatchonly":true,"account":"","address":"2N1SP7r92ZZJvYKG2oNtzPwYnzw62up7mTo","category":"receive","amount":1.3,"label":"","confirmations":2,"blockhash":"8aa7f8a5d5db094089dcbfbada744f0542e02d01d12c76c0c3ad039afa63ef5b","blockindex":10,"blocktime":1627657348873,"txid":"86ba9ac7a720fe27c3580b8ceeec9d65686044db46ef899d999321927e0753ab","vout":63,"walletconflicts":[],"time":1627657326954,"timereceived":1627657326954,"bip125-replaceable":"no"},{"involvesWatchonly":true,"account":"","address":"mzzg8fvHXydKs8j9D2a8t7KpSXpGgAnk4n","category":"receive","amount":3.36,"label":"","confirmations":1,"blockhash":"f40bdab26258ff30055f90214a24fc6dcea57462535077f3c5789406e0e30072","blockindex":75,"blocktime":1627657948873,"txid":"fdbf5c7a43eabd7f566983271482b6f1fe172cddca36c981e32763a8906e9002","vout":98,"walletconflicts":[],"time":1627657904574,"timereceived":1627657904574,"bip125-replaceable":"no"},{"involvesWatchonly":true,"account":"","address":"mutrAf4usv3HKNdpLwVD4ow2oLArL6Rez8","category":"receive","amount":1.1857,"label":"","confirmations":13,"blockhash":"f46e6359ddf769ab10e6a5834df7324abacdb21239ad084353024aba03e20f16","blockindex":28,"blocktime":1627650748873,"txid":"4da7294b3468f2aad1362fbae3f77b42db3ea5997e825a90c4c708df5862cfaa","vout":25,"walletconflicts":[],"time":1627650719592,"timereceived":1627650719592,"bip125-replaceable":"no"},{"involvesWatchonly":true,"account":"","address":"mvcyJMiAcSXKAEsQxbW9TYZ369rsMG6rVV","category":"receive","amount":57.98239474,"label":"","confirmations":40,"blockhash":"bd72e5aa3fbd9e5155cbc23b75dd13d9757578aa489492be030f11a14567ea7f","blockindex":18,"blocktime":1627634548873,"txid":"310e6b6e98ce88f714884b72b77fe0a2a2585a69aba637875fc570eb4d830c33","vout":68,"walletconflicts":[],"time":1627634513497,"timereceived":1627634513497,"bip125-replaceable":"no"},{"involvesWatchonly":true,"account":"","address":"mmFFG4jqAtw9MoCC88hw5FNfreQWuEHADp","category":"receive","amount":6,"label":"","confirmations":3,"blockhash":"397fe1b9e34cee9e74b53e7f03ca1c4af4cbbee68198e954403a05f4a156993c","blockindex":67,"blocktime":1627656748873,"txid":"f60e5bb75cf222b0279f6e2503821190f5e949200defc979593cae205af6eadf","vout":69,"walletconflicts":[],"time":1627656735452,"timereceived":1627656735452,"bip125-replaceable":"no"},{"involvesWatchonly":true,"account":"","address":"mvcyJMiAcSXKAEsQxbW9TYZ369rsMG6rVV","category":"receive","amount":58.20249388,"label":"","confirmations":30,"blockhash":"29ae313c64d0c0af581a5f6808fd301d44066427f798c56c2889ab036c254923","blockindex":4,"blocktime":1627640548873,"txid":"f554f2975fb98a9baca3c27c7031337e1364a7aa40a426428562ad052c6d63c1","vout":0,"walletconflicts":[],"time":1627640505039,"timereceived":1627640505039,"bip125-replaceable":"no"},{"involvesWatchonly":true,"account":"","address":"mvcyJMiAcSXKAEsQxbW9TYZ369rsMG6rVV","category":"receive","amount":46.10285353,"label":"","confirmations":22,"blockhash":"b6b86ea39f082457f7a8b60aabbb1ba8e35ffc58f8df7b6a935445699c6adf3e","blockindex":64,"blocktime":1627645348873,"txid":"d4c57c6270306d43b54595039afe10bf7efae54cfdd07b54d82c5d89dec17efd","vout":76,"walletconflicts":[],"time":1627645329621,"timereceived":1627645329621,"bip125-replaceable":"no"},{"involvesWatchonly":true,"account":"","address":"mutrAf4usv3HKNdpLwVD4ow2oLArL6Rez8","category":"receive","amount":1.45646,"label":"","confirmations":3,"blockhash":"397fe1b9e34cee9e74b53e7f03ca1c4af4cbbee68198e954403a05f4a156993c","blockindex":38,"blocktime":1627656748873,"txid":"1226a6a06c052bf178716de6dfc96b27738bae9d87ee5103f28deaebe28d604c","vout":71,"walletconflicts":[],"time":1627656699683,"timereceived":1627656699683,"bip125-replaceable":"no"},{"involvesWatchonly":true,"account":"","address":"mzzg8fvHXydKs8j9D2a8t7KpSXpGgAnk4n","category":"receive","amount":4.57,"label":"","confirmations":4,"blockhash":"98102c63c2d76f0fe360b7db44e205bb21c4cd6ed4bd6f32fb4bcf442fe82f75","blockindex":53,"blocktime":1627656148873,"txid":"a58008307eda0eac31b4c2c58443fe7968fc579b34ac900fde3b43539c266c8b","vout":90,"walletconflicts":[],"time":1627656111095,"timereceived":1627656111095,"bip125-replaceable":"no"},{"involvesWatchonly":true,"account":"","address":"miTHhiX3iFhVnAEecLjybxvV5g8mKYTtnM","category":"receive","amount":56.1966914,"label":"","confirmations":1,"blockhash":"f40bdab26258ff30055f90214a24fc6dcea57462535077f3c5789406e0e30072","blockindex":9,"blocktime":1627657948873,"txid":"6b3bdec29d774f9cdd51495f1f89283805b2c8e155e9d4e9eb79999555328773","vout":32,"walletconflicts":[],"time":1627657913628,"timereceived":1627657913628,"bip125-replaceable":"no"},{"involvesWatchonly":true,"account":"","address":"mvcyJMiAcSXKAEsQxbW9TYZ369rsMG6rVV","category":"receive","amount":80.03041874,"label":"","confirmations":3,"blockhash":"397fe1b9e34cee9e74b53e7f03ca1c4af4cbbee68198e954403a05f4a156993c","blockindex":75,"blocktime":1627656748873,"txid":"eca6d982bf5796473de15cc7d27e112b91104b753385f58c27596e680448712f","vout":90,"walletconflicts":[],"time":1627656717293,"timereceived":1627656717293,"bip125-replaceable":"no"},{"involvesWatchonly":true,"account":"","address":"miTHhiX3iFhVnAEecLjybxvV5g8mKYTtnM","category":"receive","amount":31.86620622,"label":"","confirmations":-5,"blockhash":"650f7c4a1055ff0ff906d14613ca6c6f2680918cf83e264a0c26d0e596440894","blockindex":85,"blocktime":1627655548873,"txid":"c0b3a324d6aa907e6475d37309936227733aeeeab34e9b381fe97dc28acbc0e1","vout":37,"walletconflicts":[],"time":1627655509563,"timereceived":1627655509563,"bip125-replaceable":"no"},{"involvesWatchonly":true,"account":"","address":"mvcyJMiAcSXKAEsQxbW9TYZ369rsMG6rVV","category":"receive","amount":3.61428807,"label":"","confirmations":3,"blockhash":"397fe1b9e34cee9e74b53e7f03ca1c4af4cbbee68198e954403a05f4a156993c","blockindex":46,"blocktime":1627656748873,"txid":"d57fb64c8a2b01c28b2c495fc26d1fb8c64873f22a7286003e17da9e26027ab7","vout":19,"walletconflicts":[],"time":1627656712352,"timereceived":1627656712352,"bip125-replaceable":"no"},{"involvesWatchonly":true,"account":"","address":"mvcyJMiAcSXKAEsQxbW9TYZ369rsMG6rVV","category":"receive","amount":42.46196628,"label":"","confirmations":23,"blockhash":"80e80294466b92f485c7883539b3422fd1d6c28b16039b8cba744f20882f5471","blockindex":87,"blocktime":1627644748873,"txid":"dd0f8ffaa8d885f8574ee8d63fdbed1e448d78bf8e318e64f63bfbbeb91109d2","vout":19,"walletconflicts":[],"time":1627644724805,"timereceived":1627644724805,"bip125-replaceable":"no"},{"involvesWatchonly":true,"account":"","address":"miTHhiX3iFhVnAEecLjybxvV5g8mKYTtnM","category":"receive","amount":17.01422185,"label":"","confirmations":14,"blockhash":"b71b0f1cabfd2b30d7e327174d5f73c8a556c1283cd8cb9f95294a2fc9f28a8f","blockindex":1,"blocktime":1627650148873,"txid":"8cd1079fc3c3a0b0292dc0b7ac95d6603186671258128341c5fbaa4cd557792d","vout":93,"walletconflicts":[],"time":1627650124871,"timereceived":1627650124871,"bip125-replaceable":"no"},{"involvesWatchonly":true,"account":"","address":"miTHhiX3iFhVnAEecLjybxvV5g8mKYTtnM","category":"receive","amount":58.83494924,"label":"","confirmations":35,"blockhash":"9e0d74a4a8955472e3120c3478475c7b71ea35aa8336eb2853a92e14d3a804c1","blockindex":22,"blocktime":1627637548873,"txid":"1d510a3a23d8ba1530842ba07486d2944d7fd590fbf5311a5555e96ebeb0888e","vout":94,"walletconflicts":[],"time":1627637503252,"timereceived":1627637503252,"bip125-replaceable":"no"},{"involvesWatchonly":true,"account":"","address":"mutrAf4usv3HKNdpLwVD4ow2oLArL6Rez8","category":"receive","amount":5.37044,"label":"","confirmations":37,"blockhash":"426ac3963357ef0f9e9842615ec3cbc28998aad9ff5786ea74cddd741351d958","blockindex":34,"blocktime":1627636348873,"txid":"f30ac4ba292b9920dd7fe517516ca199413423fd120734f55e8efa59f59b991d","vout":60,"walletconflicts":[],"time":1627636323374,"timereceived":1627636323374,"bip125-replaceable":"no"},{"involvesWatchonly":true,"account":"","address":"mutrAf4usv3HKNdpLwVD4ow2oLArL6Rez8","category":"receive","amount":9.9785,"label":"","confirmations":5,"blockhash":"9bb2d106fe6c3c41635e16875462e42599814bf0148e455f8e1b9c975cc1bacc","blockindex":92,"blocktime":1627655548873,"txid":"550da7dfcb38cda2b6b23ac944f5da60bbd12d1694fa49ec58d65a7e0e65b4bf","vout":64,"walletconflicts":[],"time":1627655536943,"timereceived":1627655536943,"bip125-replaceable":"no"},{"involvesWatchonly":true,"account":"","address":"mutrAf4usv3HKNdpLwVD4ow2oLArL6Rez8","category":"receive","amount":2.95416,"label":"","confirmations":5,"blockhash":"9bb2d106fe6c3c41635e16875462e42599814bf0148e455f8e1b9c975cc1bacc","blockindex":19,"blocktime":1627655548873,"txid":"1f4252c90feb2afaf9cb9490d5449f8bb9048df07fe4fe19a8da884cbe133534","vout":55,"walletconflicts":[],"time":1627655504959,"timereceived":1627655504959,"bip125-replaceable":"no"},{"involvesWatchonly":true,"account":"","address":"mutrAf4usv3HKNdpLwVD4ow2oLArL6Rez8","category":"receive","amount":0.19602,"label":"","confirmations":3,"blockhash":"397fe1b9e34cee9e74b53e7f03ca1c4af4cbbee68198e954403a05f4a156993c","blockindex":75,"blocktime":1627656748873,"txid":"1cf322e897ed0763a93a4a240964b6f397338f9f24f60b428765bd742c3dd652","vout":54,"walletconflicts":[],"time":1627656736649,"timereceived":1627656736649,"bip125-replaceable":"no"},{"involvesWatchonly":true,"account":"","address":"mvcyJMiAcSXKAEsQxbW9TYZ369rsMG6rVV","category":"receive","amount":71.44474362,"label":"","confirmations":2,"blockhash":"8aa7f8a5d5db094089dcbfbada744f0542e02d01d12c76c0c3ad039afa63ef5b","blockindex":94,"blocktime":1627657348873,"txid":"75b2da4838dffbbcb9296ba4c08a9a8c4485e084c21ac6225730c10c4899d286","vout":33,"walletconflicts":[],"time":1627657322162,"timereceived":1627657322162,"bip125-replaceable":"no"},{"involvesWatchonly":true,"account":"","address":"mvcyJMiAcSXKAEsQxbW9TYZ369rsMG6rVV","category":"receive","amount":8.92743084,"label":"","confirmations":34,"blockhash":"750d4df374049e61240d3ad2bb889b9a8e24173a667dbca46c1c0e4a35e0eeae","blockindex":95,"blocktime":1627638148873,"txid":"3d4e6fb2ec9a881148a22f5eedf09a4ec61908aa7b7225a20b18f8a526d16d97","vout":66,"walletconflicts":[],"time":1627638135291,"timereceived":1627638135291,"bip125-replaceable":"no"}],"removed":[],"lastblock":"101ed8511d55cada290fed7088e58ef62d9dc870f3a6386a5d118550626ba6f2"}